t,s,lateral,lateralV,speed,yawOffset,yawRate,lean,steer,slipFront,slipRear,grip,loadFracFront,longAccel,suspFront,suspRear,wheelie,airY,airVY,boost,slipstream,onRoad,airborne
0.028,11.35956439197788,0,0,0.8238063797805149,0,0,0,0,0,0,1,0.2915286881843462,3.701437068837058,0.00020675379948721195,-0.00020675379948721195,0,0,0,0,0.010243849487516244,1,0
0.051,11.375646831976047,0,0,1.0120632823070255,0,0,0,0,0,0,1,0.2297496413705416,5.144419090845208,0.004058272637420175,-0.004058272637420175,0,0,0,0,0.009730632628191658,1,0
0.078,11.417270263486014,0,0,1.391109448373932,0,0,0,0,0,0,1,0.13801758667782577,7.287017796882213,0.016790632087784287,-0.016790632087784287,0,0,0,0,0.008782820162430018,1,0
0.101,11.442839451240225,0,0,1.5819025616549245,0,0,0,0,0,0,1,0.1041677550341168,8.077653150274559,0.02512356400357675,-0.02512356400357675,0,0,0,0,0.008342800872292255,1,0
0.128,11.503563499718297,0,0,1.9660383446660374,0,0,0,0,0,0,1,0.08,9.264029959669907,0.044011104083906155,-0.044011104083906155,0,0,0,0,0.007530170186470627,1,0
0.151,11.538746746168256,0,0,2.159384760777333,0,0,0,0,0,0,1,0.08,9.708141498406022,0.053922415215898745,-0.053922415215898745,0,0,0,0,0.007155167711184382,1,0
0.178,11.61882687963303,0,0,2.548643875117538,0,0,0,0,0,0,1,0.08,10.386658278900885,0.07295143297784432,-0.07295143297784432,0,0,0,0,0.00645617880506537,1,0
0.202,11.663752336579973,0,0,2.7445602125949127,0,0,0,0,0,0,1,0.08,10.646768360533345,0.08149786222706441,-0.08149786222706441,0,0,0,0,0.006132724246931581,1,0
0.228,11.76344568078835,0,0,3.138975408736969,0,0,0,0,0,0,1,0.08,11.05569394285307,0.09604755911802898,-0.09604755911802898,0,0,0,0,0.005535366119004738,1,0
0.251,11.818242316726513,0,0,3.3374777956773882,0,0,0,0,0,0,1,0.08,11.218169007197545,0.10201639536530044,-0.10201639536530044,0,0,0,0,0.005258044276442589,1,0
0.275,11.87635814289328,0,0,3.5368456956903502,0,0,0,0,0,0,1,0.08,11.359640917612335,0.1071586153510494,-0.1071586153510494,0,0,0,0,0.004994616258192818,1,0
0.301,12.002605181047283,0,0,3.9381848810115163,0,0,0,0,0,0,1,0.08,11.594853776292243,0.1152219398945726,-0.1152219398945726,0,0,0,0,0.0045095393269817844,1,0
0.328,12.14229083042867,0,0,4.34223821556374,0,0,0,0,0,0,1,0.08,11.776646472403542,0.12082784552454276,-0.12082784552454276,0.06464288859985186,0,0,0,0.0040690024752243325,1,0
0.351,12.217195217863326,0,0,4.544977796978871,0,0,0,0,0,0,1,0.08,11.850386044089266,0.12289878072374011,-0.12289878072374011,0.09428187212031958,0,0,0,0.0038651454512155844,1,0
0.377,12.37716663349359,0,0,4.951877728724274,0,0,0,0,0,0,1,0.08,11.973665425696685,0.12591757361923905,-0.12591757361923905,0.14868508908633526,0,0,0,0.0034886608812370293,1,0
0.401,12.462249416382093,0,0,5.15603600318624,0,0,0,0,0,0,1,0.08,12.026144030706378,0.12698262929420126,-0.12698262929420126,0.17362914845684835,0,0,0,0.0033138789710870464,1,0
0.427,12.642648387010462,0,0,5.5657638494246315,0,0,0,0,0,0,1,0.08,12.118151511629005,0.1284660011551017,-0.1284660011551017,0.21941469548851608,0,0,0,0.00299109052363074,1,0
0.452,12.73798022261117,0,0,5.771331241100451,0,0,0,0,0,0,1,0.08,12.159241206657338,0.12896172041925447,-0.12896172041925447,0.24040752398582288,0,0,0,0.0028412368883968336,1,0
0.476,12.836744026283396,0,0,5.9773661292874785,0,0,0,0,0,0,1,0.08,12.197853151301823,0.12933542690704947,-0.12933542690704947,0.26022761144449263,0,0,0,0.0484591663372945,1,0
0.501,13.044451363437618,0,0,6.380009471881313,0,0,0,0,0,0,1,0.08,12.14752122998016,0.1298129652078115,-0.1298129652078115,0.2966079588863944,0,0,0,0.13423546242279366,1,0
0.528,13.264998736016237,0,0,6.7550329768656745,0,0,0,0,0,0,1,0.08,11.830349320216252,0.1300509370891043,-0.1300509370891043,0.3290371457992123,0,0,0,0.21243735713836165,1,0
0.552,13.37981746026665,0,0,6.933340425435404,0,0,0,0,0,0,1,0.08,11.614424122913594,0.13011307858321602,-0.13011307858321602,0.34390603791263463,0,0,0,0.24893665863440004,1,0
0.578,13.618075141290864,0,0,7.273808872454859,0,0,0,0,0,0,1,0.08,11.125919239435738,0.13016812420407653,-0.13016812420407653,0.3711983221818365,0,0,0,0.31782532065378993,1,0
0.601,13.741346967400172,0,0,7.436762448937457,0,0,0,0,0,0,1,0.08,10.868980127664527,0.1301733477092984,-0.1301733477092984,0.3837119270223951,0,0,0,0.35014241656499634,1,0
0.627,13.99580413913766,0,0,7.749856292229721,0,0,0,0,0,0,1,0.08,10.355830863375438,0.1301601228555374,-0.1301601228555374,0.4066810129459312,0,0,0,0.4106831302186973,1,0
0.652,14.126856700221401,0,0,7.900616345224995,0,0,0,0,0,0,1,0.08,10.106342004164098,0.130147131944004,-0.130147131944004,0.4172124166921656,0,0,0,0.4392281333452991,1,0
0.68,14.396313590862164,0,0,8.19194592958528,0,0,0,0,0,0,1,0.08,9.63204675662325,0.13010169708064306,-0.13010169708064306,0.43654311481031943,0,0,0,0.49262185377972384,1,0
0.701,14.534612355805358,0,0,8.333011558060726,0,0,0,0,0,0,1,0.08,9.409672247925327,0.1299564232995662,-0.1299564232995662,0.44540630541601295,0,0,0,0.5180798224875844,1,0
0.731,14.818114976248888,0,0,8.607023576978749,0,0,0,0,0,0,1,0.08,8.99716197639319,0.1290574080520005,-0.1290574080520005,0.4616749497573317,0,0,0,0.4677639308507834,1,0
0.751,14.96323413354378,0,0,8.740334552369868,0,0,0,0,0,0,1,0.08,8.807104010325608,0.12825773836188561,-0.12825773836188561,0.46913417832797144,0,0,0,0.44418862873590365,1,0
0.778,15.2600198007362,0,0,9.000494809898537,0,0,0,0,0,0,1,0.08781258909653611,8.459663097530907,0.12600021028377237,-0.12600021028377237,0.48106441106259934,0,0,0,0.4009224264701113,1,0
0.802,15.411619775983265,0,0,9.127685494318964,0,0,0,0,0,0,1,0.09456118189173096,8.302035251528856,0.12459341573580372,-0.12459341573580372,0.48385864861636463,0,0,0,0.3809564896318993,1,0
0.828,15.721087867171882,0,0,9.377077386317277,0,0,0,0,0,0,1,0.10672893164073649,8.01783138239137,0.12138388753726657,-0.12138388753726657,0.4838790559566452,0,0,0,0.3828700295143703,1,0
0.852,15.878905564125867,0,0,9.499612389560856,0,0,0,0,0,0,1,0.11215290643194387,7.891142828339597,0.11964700347511245,-0.11964700347511245,0.48155191256222557,0,0,0,0.40286592826461565,1,0
0.878,16.200601663824997,0,0,9.74108835185446,0,0,0,0,0,0,1,0.12174156153038368,7.667179241397467,0.11606060709758581,-0.11606060709758581,0.4732322449908804,0,0,0,0.4406294781143263,1,0
0.902,16.36444412579726,0,0,9.860289182060257,0,0,0,0,0,0,1,0.12593794707735095,7.569163664693304,0.1142631953145538,-0.1142631953145538,0.4675972352232642,0,0,0,0.45824361069317265,1,0
0.928,16.69804369455318,0,0,10.096234467296359,0,0,0,0,0,0,1,0.13320733411968783,7.399371553061579,0.11076535783121196,-0.11076535783121196,0.4541665214350242,0,0,0,0.4915562085259983,1,0
0.952,16.86777714685149,0,0,10.213216108694068,0,0,0,0,0,0,1,0.1363060580740849,7.326994214983875,0.10909737012990091,-0.10909737012990091,0.4466494567321289,0,0,0,0.507211736091125,1,0
0.978,17.213066713157584,0,0,10.445770219857485,0,0,0,0,0,0,1,0.14148780738511257,7.2059633560763,0.10598275064881302,-0.10598275064881302,0.43062716218184127,0,0,0,0.5364711248920656,1,0
1,17.388610588609463,0,0,10.561566063673672,0,0,0,0,0,0,1,0.14358983831390282,7.156865919382414,0.1045525669591903,-0.1045525669591903,0.42233929995186875,0,0,0,0.5503547194699947,1,0
1.028,17.745479722228684,0,0,10.792744397891756,0,0,0,0,0,0,1,0.14685525916950448,7.080595017969432,0.10197309453727266,-0.10197309453727266,0.40569188117606536,0,0,0,0.5761831404455144,1,0
1.051,17.92680370872139,0,0,10.90834417779438,0,0,0,0,0,0,1,0.14803106474113542,7.053131559260624,0.10082995826291495,-0.10082995826291495,0.3975034706204241,0,0,0,0.5885484257416271,1,0
1.078,18.295240802243285,0,0,11.140094420721349,0,0,0,0,0,0,1,0.14949860666211556,7.018853972963445,0.09884421966537058,-0.09884421966537058,0.3817786255651876,0,0,0,0.611633777597455,1,0
1.101,18.48236208492704,0,0,11.256358627894585,0,0,0,0,0,0,1,0.14984680065809136,7.010721156057437,0.09800189049312694,-0.09800189049312694,0.37436789624539313,0,0,0,0.6226879158932981,1,0
1.128,18.86243228202132,0,0,11.48968587605619,0,0,0,0,0,0,1,0.14999207984622853,7.007327849305948,0.09661039396186388,-0.09661039396186388,0.36065029426738693,0,0,0,0.6435534889087826,1,0
1.151,19.05539007545078,0,0,11.606749101187505,0,0,0,0,0,0,1,0.14985652692020113,7.010493978363875,0.09605432370215944,-0.09605432370215944,0.354385879889754,0,0,0,0.6535266571738132,1,0
1.178,19.447173267512674,0,0,11.841675495347731,0,0,0,0,0,0,1,0.14929209138199334,7.023677579863442,0.09519675958132712,-0.09519675958132712,0.343087939166961,0,0,0,0.6721200669324465,1,0
1.201,19.646007555308117,0,0,11.959538870881408,0,0,0,0,0,0,1,0.14889899693473235,7.032859143024466,0.09488334095208609,-0.09488334095208609,0.33805327459246887,0,0,0,0.6810017985110459,1,0
1.226,19.846809570024178,0,0,12.077669262839748,0,0,0,0,0,0,1,0.14845026449591098,7.043340250702652,0.09463832290515967,-0.09463832290515967,0.33342060080402136,0,0,0,0.6896414949748058,1,0
1.25,20.25433459646676,0,0,12.31473198172555,0,0,0,0,0,0,1,0.14742575242244615,7.067269925561437,0.09432765504893122,-0.09432765504893122,0.3253222178189979,0,0,0,0.7060819054652506,1,0
1.278,20.6697840019677,0,0,12.552864576197111,0,0,0,0,0,0,1,0.1462809955302306,7.0940081758296145,0.09421498373717703,-0.09421498373717703,0.3186984253237955,0,0,0,0.7212745786737107,1,0
1.301,20.880491494989553,0,0,12.67233243605117,0,0,0,0,0,0,1,0.14567688977644871,7.108118360221519,0.09421869111052089,-0.09421869111052089,0.3159053830697812,0,0,0,0.7285883338272506,1,0
1.329,21.307894391884634,0,0,12.912072355721369,0,0,0,0,0,0,1,0.14442354693256992,7.137392868074975,0.09432144185199959,-0.09432144185199959,0.311285312689318,0,0,0,0.7426056724909545,1,0
1.351,21.524598736928404,0,0,13.032344752661794,0,0,0,0,0,0,1,0.1437796769952297,7.1524318301828504,0.09441194600761145,-0.09441194600761145,0.3094295036761029,0,0,0,0.7494629094428632,1,0
1.378,21.964035613658268,0,0,13.273696512916127,0,0,0,0,0,0,1,0.14246676555218413,7.183097690316844,0.09465320914223535,-0.09465320914223535,0.30655605905980476,0,0,0,0.7629694475680954,1,0
1.401,22.186777124911448,0,0,13.394776744560886,0,0,0,0,0,0,1,0.1418003952179881,7.198662197408423,0.09479802333008282,-0.09479802333008282,0.30551140928050513,0,0,0,0.7696173201921753,1,0
1.428,22.63832879107181,0,0,13.637747665422102,0,0,0,0,0,0,1,0.14045291237205937,7.230135546738328,0.09512394843027527,-0.09512394843027527,0.3041420453151512,0,0,0,0.782526085648854,1,0
1.451,22.86714796207025,0,0,13.759639220726706,0,0,0,0,0,0,1,0.13977318242923875,7.246012096117067,0.09530120818200778,-0.09530120818200778,0.3037930886906063,0,0,0,0.7889337727656708,1,0
1.478,23.33089558520753,0,0,14.004236886305081,0,0,0,0,0,0,1,0.13840422498328386,7.2779870307475845,0.09567674180330162,-0.09567674180330162,0.30370995701293285,0,0,0,0.8016237000403986,1,0
1.502,23.56583310252996,0,0,14.126943934664498,0,0,0,0,0,0,1,0.13771571888892037,7.2940685659516475,0.09587266993471665,-0.09587266993471665,0.30395465387198095,0,0,0,0.8078304658333803,1,0
1.528,24.04185826219597,0,0,14.373176422182596,0,0,0,0,0,0,1,0.13633214096303503,7.3263849932205405,0.09627635412353404,-0.09627635412353404,0.30496745011860993,0,0,0,0.8201286788844346,1,0
1.551,24.2829550124829,0,0,14.496702808515321,0,0,0,0,0,0,1,0.13563742744865248,7.34261151602076,0.09648275536377782,-0.09648275536377782,0.30571735108363834,0,0,0,0.8261481394670613,1,0
1.576,24.526113959468294,0,0,14.62050310959363,0,0,0,0,0,0,1,0.13494101689750637,7.358877676751103,0.09669148874549391,-0.09669148874549391,0.3066182117109633,0,0,0,0.832146059466141,1,0
1.601,25.01863673741531,0,0,14.868927385534777,0,0,0,0,0,0,1,0.13354344025186865,7.391521074117068,0.09711438594823718,-0.09711438594823718,0.3088413163000997,0,0,0,0.8439374836243366,1,0
1.627,25.519463255830786,0,0,15.118452785006333,0,0,0,0,0,0,1,0.1321400678768649,7.4242998431617995,0.09754261064967608,-0.09754261064967608,0.31157784243694137,0,0,0,0.8555201916781285,1,0
1.651,25.773001906541325,0,0,15.24362955321871,0,0,0,0,0,0,1,0.13143632804013444,7.440737195062575,0.09775820481302877,-0.09775820481302877,0.3131219202122397,0,0,0,0.8612556913097144,1,0
1.678,26.28635303820671,0,0,15.49481360672921,0,0,0,0,0,0,1,0.13002487382064792,7.473704732903439,0.09819167048510623,-0.09819167048510623,0.3165314026697504,0,0,0,0.8725561505871776,1,0
1.701,26.54617476015498,0,0,15.620821728492588,0,0,0,0,0,0,1,0.12931725287037754,7.490232736527611,0.09840935231918008,-0.09840935231918008,0.31838565872621105,0,0,0,0.878161314759552,1,0
1.728,27.072133678535412,0,0,15.873672735813345,0,0,0,0,0,0,1,0.127898166476276,7.523378540161269,0.09884628957605027,-0.09884628957605027,0.3223676077119323,0,0,0,0.8892226371730464,1,0
1.752,27.338280163702226,0,0,16.000516493935198,0,0,0,0,0,0,1,0.12718676154929054,7.539994926670143,0.09906545957793877,-0.09906545957793877,0.3244859035127158,0,0,0,0.8947181605369144,1,0
1.777,27.876928563808814,0,0,16.254890467644554,0,0,0,0,0,0,1,0.12583466543868943,7.571576028682041,0.09950454627059654,-0.09950454627059654,0.32893978009842606,0,0,0,0.8073131523812458,1,0
1.801,28.149435390009707,0,0,16.382270837910383,0,0,0,0,0,0,1,0.12525344745494066,7.585151620159601,0.09972272719966949,-0.09972272719966949,0.33123508174609095,0,0,0,0.7671089573926588,1,0
1.828,28.700825278239225,0,0,16.63743136973243,0,0,0,0,0,0,1,0.12421854943840976,7.609323880974287,0.10014958086369342,-0.10014958086369342,0.33588318454896543,0,0,0,0.6923886940556474,1,0
1.851,28.979712844022306,0,0,16.76521583113434,0,0,0,0,0,0,1,0.12374720892465618,7.620333048688388,0.10035575440921711,-0.10035575440921711,0.33821512342809507,0,0,0,0.6577000204834599,1,0
1.878,29.543884728049093,0,0,17.02120203203516,0,0,0,0,0,0,1,0.1228653874873798,7.640929877973344,0.10074926935525251,-0.10074926935525251,0.3428612650393009,0,0,0,0.5934493120594315,1,0
1.901,29.82917374276094,0,0,17.149407696204253,0,0,0,0,0,0,1,0.12244560803680465,7.6507347265689205,0.10093573860652565,-0.10093573860652565,0.34516742507767134,0,0,0,0.5638955363188711,1,0
1.928,30.406169927019615,0,0,17.406255207892038,0,0,0,0,0,0,1,0.12163074235428739,7.66976766072486,0.10128781727921801,-0.10128781727921801,0.3497352891483558,0,0,0,0.5089692803258205,1,0
1.951,30.697881988128106,0,0,17.53489989655785,0,0,0,0,0,0,1,0.12123130419413741,7.679097394894078,0.10145390340919343,-0.10145390340919343,0.351995270587307,0,0,0,0.48346991938149714,1,0
1.976,30.991739995421632,0,0,17.663693885133416,0,0,0,0,0,0,1,0.12083490101695415,7.688356240532572,0.10161389366670115,-0.10161389366670115,0.3542390501920622,0,0,0,0.4592480764204844,1,0
2.001,31.58590390598248,0,0,17.92173600225011,0,0,0,0,0,0,1,0.12004610199369686,7.706780332004366,0.10191768210977921,-0.10191768210977921,0.3586796951173111,0,0,0,0.41451500835178534,1,0
2.028,32.18868204180975,0,0,18.180394352201176,0,0,0,0,0,0,1,0.1192562834110103,7.725228237471403,0.10220369251292294,-0.10220369251292294,0.363063195335106,0,0,0,0.3740210413310499,1,0
2.051,32.49330791463149,0,0,18.309957646402136,0,0,0,0,0,0,1,0.11885970762509945,7.734491114756607,0.10234146121991618,-0.10234146121991618,0.3652360360774698,0,0,0,0.3553947934727632,1,0
2.078,33.10904641439815,0,0,18.569560063933785,0,0,0,0,0,0,1,0.11806074694810004,7.7531525534265215,0.10260917604307872,-0.10260917604307872,0.36954963320186446,0,0,0,0.32067624766682584,1,0
2.102,33.42016435313612,0,0,18.699600655869734,0,0,0,0,0,0,1,0.11765839450139398,7.762550357003156,0.10274006737268093,-0.10274006737268093,0.3716926482342352,0,0,0,0.3047065705330176,1,0
2.127,34.04891102512184,0,0,18.960167237685557,0,0,0,0,0,0,1,0.11684660529250451,7.781511433525074,0.10299793746850285,-0.10299793746850285,0.37595662559843956,0,0,0,0.2750266209361174,1,0
2.151,34.366545179702285,0,0,19.090695196078435,0,0,0,0,0,0,1,0.11643709504820948,7.791076422802537,0.10312558884809306,-0.10312558884809306,0.3780796989720506,0,0,0,0.2612477872272181,1,0
2.178,35.00834879512141,0,0,19.352244649129815,0,0,0,0,0,0,1,0.11561107163845702,7.810369969587469,0.10337968422680933,-0.10337968422680933,0.38231285776097157,0,0,0,0.23580094128739504,1,0
2.201,35.332523767469695,0,0,19.483267830927446,0,0,0,0,0,0,1,0.11519463178001471,7.820096814852514,0.10350655449324567,-0.10350655449324567,0.3844247018747976,0,0,0,0.22398731412889666,1,0
2.228,35.987423557343455,0,0,19.74511619037549,0,0,0,0,0,0,1,0.11468720418095069,7.83194887377351,0.10375760299728343,-0.10375760299728343,0.38855970747698143,0,0,0,0.20216982531642508,1,0
2.251,36.31814116186901,0,0,19.87568732478863,0,0,0,0,0,0,1,0.11466954391056594,7.832361367231782,0.10387647626444085,-0.10387647626444085,0.3904976212978139,0,0,0,0.19204111706807228,1,0
2.277,36.986092235278775,0,0,20.136126740845402,0,0,0,0,0,0,1,0.11496495957701608,7.825461301308268,0.10408311780405617,-0.10408311780405617,0.39396764491752445,0,0,0,0.17333534821923427,1,0
2.301,37.3233179164463,0,0,20.26599634478329,0,0,0,0,0,0,1,0.11523694427149356,7.819108515944402,0.10416457672088329,-0.10416457672088329,0.39546499609733055,0,0,0,0.16465124727345073,1,0
2.328,38.00425016690932,0,0,20.525038156062134,0,0,0,0,0,0,1,0.1159545239131769,7.802347905742227,0.10427299457542213,-0.10427299457542213,0.39793828766191136,0,0,0,0.14861338923975526,1,0
2.351,38.347949007727365,0,0,20.65421173686794,0,0,0,0,0,0,1,0.1163782203714096,7.79245156703922,0.10429779643193395,-0.10429779643193395,0.3989074327602822,0,0,0,0.1411678584388436,1,0
2.379,39.04179286761064,0,0,20.911866608154213,0,0,0,0,0,0,1,0.11731588506525276,7.770550398833026,0.10428783662342925,-0.10428783662342925,0.4003129833332755,0,0,0,0.1274174003642508,1,0
2.401,39.39193021046535,0,0,21.040348858501936,0,0,0,0,0,0,1,0.11781836016536529,7.75881401613754,0.10425420776598726,-0.10425420776598726,0.4007555481122111,0,0,0,0.12107201382611132,1,0
2.428,40.09861658577367,0,0,21.296625181080056,0,0,0,0,0,0,1,0.11886966241897828,7.734258599213865,0.10413481622069352,-0.10413481622069352,0.40114378346546203,0,0,0,0.10924447910967722,1,0
2.451,40.455157981806,0,0,21.424420046958662,0,0,0,0,0,0,1,0.11941242993100881,7.7215811008971516,0.1040516678240311,-0.1040516678240311,0.40110087313346254,0,0,0,0.10377133070628244,1,0
2.478,41.17461815276799,0,0,21.679325002518453,0,0,0,0,0,0,1,0.12052123347588467,7.695682618098981,0.10384551652308095,-0.10384551652308095,0.40057219280426637,0,0,0,0.09366348216341033,1,0
2.501,41.53752933008331,0,0,21.80643574859079,0,0,0,0,0,0,1,0.12108411810288455,7.6825352414540555,0.10372532200000904,-0.10372532200000904,0.40009933691376415,0,0,0,0.08897094170702352,1,0
2.528,42.26969490620718,0,0,22.05997509206127,0,0,0,0,0,0,1,0.12222122048306311,7.6559757787170275,0.1034572702231059,-0.1034572702231059,0.3987687389946998,0,0,0,0.08030472535063202,1,0
2.551,42.63894173552949,0,0,22.18640436498258,0,0,0,0,0,0,1,0.12279373044041514,7.642603581856019,0.10331178111441223,-0.10331178111441223,0.39792356593962036,0,0,0,0.0762814586105654,1,0
2.579,43.38374458399617,0,0,22.438583118213376,0,0,0,0,0,0,1,0.12394386430291016,7.6157397409248855,0.10300303155373382,-0.10300303155373382,0.3959036202272236,0,0,0,0.06885126160897406,1,0
2.601,43.75929305689713,0,0,22.56433300656896,0,0,0,0,0,0,1,0.12452067451427606,7.602267102416553,0.10284151907197338,-0.10284151907197338,0.39474029064808014,0,0,0,0.0654018134023645,1,0
2.628,44.51666525265454,0,0,22.815154566858148,0,0,0,0,0,0,1,0.12567639740063752,7.575272717856539,0.10250783840875372,-0.10250783840875372,0.3921337826489821,0,0,0,0.05903134845987089,1,0
2.651,44.89848144590475,0,0,22.94022665958117,0,0,0,0,0,0,1,0.12625485256964553,7.5617616578375655,0.10233684421246296,-0.10233684421246296,0.39070066030405554,0,0,0,0.05607387790203139,1,0
2.678,45.66835521528685,0,0,23.189693878362494,0,0,0,0,0,0,1,0.12741241655557117,7.534724270452017,0.10198888965953015,-0.10198888965953015,0.38759804352603916,0,0,0,0.05061200070350643,1,0
2.701,46.056405274098424,0,0,23.314089318293867,0,0,0,0,0,0,1,0.12799129579482665,7.521203305363693,0.10181266124472725,-0.10181266124472725,0.3859372069672718,0,0,0,0.04807633946826079,1,0
2.728,46.83871295729378,0,0,23.562204073766992,0,0,0,0,0,0,1,0.12914909711130979,7.494160374614409,0.10145711299020829,-0.10145711299020829,0.382416456533363,0,0,0,0.04339346266082803,1,0
2.751,47.23296307230094,0,0,23.685923608652402,0,0,0,0,0,0,1,0.12972790911594856,7.4806409799346305,0.10127821885450855,-0.10127821885450855,0.3805639054415604,0,0,0,0.04123246822031887,1,0
2.778,48.02763708393823,0,0,23.93268712198339,0,0,0,0,0,0,1,0.13088535802694456,7.4536062803706535,0.10091898399110469,-0.10091898399110469,0.3766913877630487,0,0,0,0.037204465101278394,1,0
2.801,48.42805347424991,0,0,24.0557311516219,0,0,0,0,0,0,1,0.13146398676790277,7.440091166206844,0.10073887303259935,-0.10073887303259935,0.3746776231599664,0,0,0,0.03534052139970437,1,0
2.829,49.23502626278493,0,0,24.30114381031974,0,0,0,0,0,0,1,0.1326210886936346,7.41306457122725,0.10037807390349354,-0.10037807390349354,0.3705093263821967,0,0,0,0.03189817720595572,1,0
2.851,49.64157515684365,0,0,24.423512430834908,0,0,0,0,0,0,1,0.13319958742115107,7.399552493805973,0.10019749885971152,-0.10019749885971152,0.36836001242959393,0,0,0,0.030309647981099176,1,0
2.878,50.46077918242865,0,0,24.667574224741887,0,0,0,0,0,0,1,0.13435652473743515,7.372529743632766,0.09983618709310242,-0.09983618709310242,0.3639429946980655,0,0,0,0.027357336113307235,1,0
2.901,50.873426807587116,0,0,24.789267329950494,0,0,0,0,0,0,1,0.13493500071188796,7.359018197658045,0.0996554979089139,-0.0996554979089139,0.3616796563018865,0,0,0,0.025986733574030557,1,0
2.929,51.70479450994869,0,0,25.031977559500568,0,0,0,0,0,0,1,0.1360921485461059,7.331990530387384,0.09929412150429551,-0.09929412150429551,0.3570532831989984,0,0,0,0.023448087492244786,1,0
2.951,52.123507075016974,0,0,25.15299463354413,0,0,0,0,0,0,1,0.13667081737184184,7.318474479957695,0.09911344671104665,-0.09911344671104665,0.35469388707700245,0,0,0,0.022273338308883336,1,0
2.981,52.966970847397114,0,0,25.3943523749483,0,0,0,0,0,0,1,0.13782843951030976,7.291435734294908,0.09875213185189541,-0.09875213185189541,0.3498910080873867,0,0,0,0.020103803345439777,1,0
3.001,53.39171453709285,0,0,25.514692893812907,0,0,0,0,0,0,1,0.1384074297102918,7.277912177481042,0.09857148863445664,-0.09857148863445664,0.34745056786324074,0,0,0,0.019096602797833255,1,0
3.029,54.247206718138095,0,0,25.754696811251733,0,0,0,0,0,0,1,0.13956584953348322,7.250854800182214,0.09821021211194049,-0.09821021211194049,0.3424986207797358,0,0,0,0.01723649782037824,1,0
3.051,54.6779476834101,0,0,25.87436002879032,0,0,0,0,0,0,1,0.14014531221747756,7.237320207491775,0.09802956896194903,-0.09802956896194903,0.33998964860758946,0,0,0,0.016378120228923432,1,0
3.081,55.545400536369726,0,0,26.11300853180758,0,0,0,0,0,0,1,0.14130479854468864,7.210237919706203,0.09766824512523598,-0.09766824512523598,0.3349114904074226,0,0,0,0.014778141827541079,1,0
3.1,55.98210488757164,0,0,26.231993569411628,0,0,0,0,0,0,1,0.14188486971138958,7.196689114598258,0.0974875526275619,-0.0974875526275619,0.33234440947310806,0,0,0,0.014042190364529557,1,0
3.129,56.86145058586949,0,0,26.469284743692448,0,0,0,0,0,0,1,0.14304569087614322,7.169575648821512,0.09712607694146731,-0.09712607694146731,0.3271590581150383,0,0,0,0.012670408928240546,1,0
3.151,57.30408438547804,0,0,26.587590616219952,0,0,0,0,0,0,1,0.14362648171882997,7.156010034138759,0.0969452822524094,-0.0969452822524094,0.32454254017291356,0,0,0,0.012039422563614188,1,0
3.178,58.19525500321994,0,0,26.823522403811193,0,0,0,0,0,0,1,0.14478884077871595,7.128860647525707,0.09658355197072238,-0.09658355197072238,0.3192658280734486,0,0,0,0.010863291493768926,1,0
3.201,58.64378426195555,0,0,26.941148042828882,0,0,0,0,0,0,1,0.14537044345420563,7.115276070748198,0.0964026061921764,-0.0964026061921764,0.3166070929760547,0,0,0,0.010319040589931109,1,0
3.228,59.54671176515599,0,0,27.17571821317974,0,0,0,0,0,0,1,0.146534516607292,7.088086647815395,0.0960405296188467,-0.0960405296188467,0.31125219709939206,0,0,0,0.009316855780598628,1,0
3.251,60.001102438297416,0,0,27.29266251336441,0,0,0,0,0,0,1,0.1471169903055714,7.074481726434154,0.09585939038405882,-0.09585939038405882,0.3085572579213554,0,0,0,0.008847286249256452,1,0
3.277,60.915718681238516,0,0,27.52586878907363,0,0,0,0,0,0,1,0.14828289593964883,7.04724950198106,0.0954968907106771,-0.0954968907106771,0.30313516877986196,0,0,0,0.007985516155201898,1,0
3.302,61.375936666197546,0,0,27.64213052581004,0,0,0,0,0,0,1,0.14886632435220953,7.033622281201964,0.09531552326135423,-0.09531552326135423,0.3004090343269032,0,0,0,0.007587837450672857,1,0
3.328,62.30217338465595,0,0,27.873970550470712,0,0,0,0,0,0,1,0.15003414555806832,7.006345314465119,0.09495253772729546,-0.09495253772729546,0.2949289075274091,0,0,0,0.006848743992033314,1,0
3.35,62.76818452002765,0,0,27.989548568386073,0,0,0,0,0,0,1,0.1506185469013644,6.9926953688038465,0.09477091421987718,-0.09477091421987718,0.29217576303322723,0,0,0,0.006505621918032448,1,0
3.377,63.70597333036577,0,0,28.220019885301156,0,0,0,0,0,0,1,0.15178837475168255,6.965371532585701,0.09440739370804216,-0.09440739370804216,0.28664524555690873,0,0,0,0.005871940513982111,1,0
3.401,64.17774339357308,0,0,28.334912951157225,0,0,0,0,0,0,1,0.1523737844956945,6.951698033564851,0.09422549240970614,-0.09422549240970614,0.2838685813353083,0,0,0,0.005577756294231611,1,0
3.428,65.127015790334,0,0,28.56401317369553,0,0,0,0,0,0,1,0.15354563403186638,6.924326976541408,0.09386139894499908,-0.09386139894499908,0.27829406728433287,0,0,0,0.005032865337625679,1,0
3.451,65.60451049859098,0,0,28.678220063907705,0,0,0,0,0,0,1,0.15413207334772816,6.9106294296637785,0.09367920373887946,-0.09367920373887946,0.27549681052275227,0,0,0,0.004782228643811929,1,0
3.478,66.56519785563715,0,0,28.905946769022727,0,0,0,0,0,0,1,0.15530596557164905,6.88321066129077,0.09331451023286659,-0.09331451023286659,0.26988366358776256,0,0,0,0.004315052775420221,1,0
3.501,67.04838286596579,0,0,29.01946630671133,0,0,0,0,0,0,1,0.15589342483021118,6.869489291465783,0.0931320099950323,-0.0931320099950323,0.26706827318102366,0,0,0,0.004100163147204301,1,0
3.528,68.02041643819824,0,0,29.245817129573105,0,0,0,0,0,0,1,0.15706935013454099,6.842023036143223,0.09276669895603001,-0.09276669895603001,0.26142101080830754,0,0,0,0.0036996182503555384,1,0
3.551,68.50925734869551,0,0,29.358648146019842,0,0,0,0,0,0,1,0.15765781938724516,6.828278075740775,0.09258388717011902,-0.09258388717011902,0.2585895613366367,0,0,0,0.003514267376012728,1,0
3.578,69.49256827414249,0,0,29.58362077119003,0,0,0,0,0,0,1,0.15883575242331527,6.800764925541137,0.0922179495769057,-0.0922179495769057,0.2529120002143143,0,0,0,0.0031719600919668588,1,0
3.602,69.98703062527368,0,0,29.6957621325851,0,0,0,0,0,0,1,0.15942521139771587,6.786996848067638,0.09203482364447418,-0.09203482364447418,0.2500662491327631,0,0,0,0.0030139964793869144,1,0
3.628,70.98154992957438,0,0,29.91935435637446,0,0,0,0,0,0,1,0.16060509458014993,6.759438148020784,0.09166825821746248,-0.09166825821746248,0.24436163891707524,0,0,0,0.002720418092032301,1,0
3.652,71.48159920683294,0,0,30.03080498107479,0,0,0,0,0,0,1,0.16119551234213475,6.74564767600871,0.09148481936724753,-0.09148481936724753,0.2415030878111864,0,0,0,0.0025833090201938715,1,0
3.678,72.4872578068313,0,0,30.25301465184573,0,0,0,0,0,0,1,0.1623772934847097,6.71804464503571,0.09111763169483049,-0.09111763169483049,0.23577420472314814,0,0,0,0.002332418151485005,1,0
3.701,72.99285944221917,0,0,30.363773489840877,0,0,0,0,0,0,1,0.16296863946092705,6.704232492591205,0.09093388412852829,-0.09093388412852829,0.23290413916828767,0,0,0,0.0022148642766501594,1,0
3.729,74.00958815112536,0,0,30.58459859319431,0,0,0,0,0,0,1,0.16415223549213304,6.67658707100518,0.0905660854074682,-0.0905660854074682,0.22715337592021315,0,0,0,0.0019997567466964626,1,0
3.751,74.52070752641245,0,0,30.694664661717802,0,0,0,0,0,0,1,0.1647444678871715,6.662754214349638,0.09038203609845044,-0.09038203609845044,0.2242729098889354,0,0,0,0.0018995689336869764,1,0
3.778,75.54843705992123,0,0,30.914103299912167,0,0,0,0,0,0,1,0.16592978692475052,6.635068548257614,0.09001364291838466,-0.09001364291838466,0.21850234842406543,0,0,0,0.001714541383709812,1,0
3.801,76.06503950965262,0,0,31.023475678820954,0,0,0,0,0,0,1,0.1665228587824703,6.621216084152302,0.0898293014012833,-0.0898293014012833,0.21561245549653954,0,0,0,0.001628642860385956,1,0
3.828,77.10370049182458,0,0,31.24152607044904,0,0,0,0,0,0,1,0.1677098045911944,6.593492421334246,0.08946033500191142,-0.08946033500191142,0.20982392115916065,0,0,0,0.0014700048699971997,1,0
3.85,77.62575130636407,0,0,31.35020390709787,0,0,0,0,0,0,1,0.16830366322292678,6.5796215804359255,0.08927571292286537,-0.08927571292286537,0.2069254594576847,0,0,0,0.0013963576260103449,1,0
3.878,78.67527427656941,0,0,31.566864417571782,0,0,0,0,0,0,1,0.16949212622415316,6.551862480335852,0.08890619856246952,-0.08890619856246952,0.20112057161360003,0,0,0,0.001259947463488972,1,0
3.901,79.2027387056657,0,0,31.674846926356704,0,0,0,0,0,0,1,0.17008671705575973,6.537974537340469,0.08872130947354004,-0.08872130947354004,0.19821430622757594,0,0,0,0.00119720207980722,1,0
3.928,80.26305412565634,0,0,31.890116068122346,0,0,0,0,0,0,1,0.17127657913024602,6.510182758886398,0.08835127596470119,-0.08835127596470119,0.19239451669470525,0,0,0,0.0010802474206028747,1,0
3.951,80.79589738223574,0,0,31.997402548473776,0,0,0,0,0,0,1,0.17187183890043628,6.496279191396954,0.0881661351154213,-0.0881661351154213,0.1894811385702917,0,0,0,0.0010261270248306683,1,0
3.977,81.8669356439056,0,0,32.211278983676294,0,0,0,0,0,0,1,0.17306297796434378,6.468457586118543,0.0877956145195751,-0.0877956145195751,0.18364776524177814,0,0,0,0.0009261771014544987,1,0
4.001,82.40512290783349,0,0,32.31786880799036,0,0,0,0,0,0,1,0.17365884301914963,6.454539880909864,0.08761023865966103,-0.08761023865966103,0.1807279045495712,0,0,0,0.0008800534818020636,1,0
4.028,83.4868143412079,0,0,32.530351369447324,0,0,0,0,0,0,1,0.1748511259831541,6.426691557393473,0.08723926589325255,-0.08723926589325255,0.17488215853174105,0,0,0,0.0007943318548060612,1,0
4.051,84.03031076348508,0,0,32.636243993952824,0,0,0,0,0,0,1,0.17544752913725586,6.412761283722667,0.08705367314252774,-0.08705367314252774,0.17195639785175915,0,0,0,0.0007545358288802801,1,0
4.075,84.57556915654553,0,0,32.74190410911165,0,0,0,0,0,0,1,0.1760440977806984,6.398827144693689,0.08686801231248245,-0.08686801231248245,0.16902879275410965,0,0,0,0.0007167335838533764,1,0
4.101,85.67135635122482,0,0,32.95252662376166,0,0,0,0,0,0,1,0.17723769872945022,6.370948036819271,0.08649649508599642,-0.08649649508599642,0.16316828374415665,0,0,0,0.0006469201347834681,1,0
4.127,86.7741449103683,0,0,33.16221856373964,0,0,0,0,0,0,1,0.17843186639552044,6.3430556920474865,0.08612473190643412,-0.08612473190643412,0.1573010900042093,0,0,0,0.0005839068661164797,1,0
4.151,87.3281550065117,0,0,33.26671547419658,0,0,0,0,0,0,1,0.17902914215038723,6.329105036915957,0.08593876374369855,-0.08593876374369855,0.15436512521019968,0,0,0,0.000554653132124046,1,0
4.178,88.44138743667209,0,0,33.475011008207346,0,0,0,0,0,0,1,0.18022404017411608,6.301195633076004,0.08556666584869918,-0.08556666584869918,0.148488729678785,0,0,0,0.0005004690731933798,1,0
4.201,89.00060201108073,0,0,33.57880957626522,0,0,0,0,0,0,1,0.18082164610362028,6.287237266008298,0.08538054081297264,-0.08538054081297264,0.14554840441853992,0,0,0,0.0004755457133483489,1,0
4.228,90.1242084765929,0,0,33.78570820564148,0,0,0,0,0,0,1,0.18201712819161814,6.259314220095777,0.08500815051112709,-0.08500815051112709,0.13966375842238185,0,0,0,0.0004290896145676921,1,0
4.251,90.68859260589115,0,0,33.88880822688793,0,0,0,0,0,0,1,0.18261499013291488,6.245349873324059,0.08482189009586517,-0.08482189009586517,0.13671953929775,0,0,0,0.00040772095176222056,1,0
4.281,91.8225032512178,0,0,34.09430962180604,0,0,0,0,0,0,1,0.18381091148447004,6.217416567469879,0.08444925097580425,-0.08444925097580425,0.13082755878515392,0,0,0,0.0003680068843014012,1,0
4.302,92.39202200421175,0,0,34.19671097864002,0,0,0,0,0,0,1,0.18440895451100148,6.203447991064467,0.08426287722494527,-0.08426287722494527,0.12787989600208394,0,0,0,0.0003495697393979022,1,0
4.33,93.53616696263275,0,0,34.40081499065349,0,0,0,0,0,0,1,0.18560516551084238,6.175507919853897,0.08389003384356845,-0.08389003384356845,0.12198146823442754,0,0,0,0.0003154202750518189,1,0
4.351,94.11078540473684,0,0,34.50251764882256,0,0,0,0,0,0,1,0.1862033166822759,6.161536817492557,0.08370356924567117,-0.08370356924567117,0.1190307990830748,0,0,0,0.000299712345354238,1,0
4.378,95.26509480711051,0,0,34.705224305297534,0,0,0,0,0,0,1,0.18739966662587593,6.133593500952756,0.08333056692365937,-0.08333056692365937,0.1131267877942835,0,0,0,0.0002705188583607606,1,0
4.401,95.8447780048029,0,0,34.80622832478858,0,0,0,0,0,0,1,0.18799784950192183,6.119621658062256,0.083144034315359,-0.083144034315359,0.11017353960118109,0,0,0,0.00025696586355688735,1,0
4.428,97.00918198853498,0,0,35.00753782605125,0,0,0,0,0,0,1,0.1891941895818579,6.091678571909462,0.08277091903290734,-0.08277091903290734,0.10426479026382099,0,0,0,0.00023186287091567394,1,0
4.451,97.5938950136731,0,0,35.10784335006264,0,0,0,0,0,0,1,0.1897923299094223,6.077707722829923,0.08258434150643548,-0.08258434150643548,0.10130938120511498,0,0,0,0.00022031609994407311,1,0
4.478,98.76832373136116,0,0,35.307756077828465,0,0,0,0,0,0,1,0.19098850769733994,6.04976842735499,0.08221115961640925,-0.08221115961640925,0.09539672318607754,0,0,0,0.000198856205822698,1,0
4.5,99.35803166571087,0,0,35.40736334230672,0,0,0,0,0,0,1,0.19158652902808937,6.0358003577010555,0.08202456044941896,-0.08202456044941896,0.09243956502617645,0,0,0,0.00018889350991098148,1,0
4.531,100.54241529416291,0,0,35.605879850394835,0,0,0,0,0,0,1,0.1927823949881508,6.007868345633907,0.08165135867193593,-0.08165135867193593,0.08652381546255716,0,0,0,0.00017049433380023155,1,0
4.551,101.13708323371365,0,0,35.70478917611022,0,0,0,0,0,0,1,0.1933802224138706,5.9939048050474515,0.08146476126793017,-0.08146476126793017,0.08356531360912452,0,0,0,0.00016195256767684052,1,0
4.577,102.33135198258547,0,0,35.901910196729666,0,0,0,0,0,0,1,0.1945756252804205,5.965983609521608,0.08109158646545772,-0.08109158646545772,0.07764727820258704,0,0,0,0.00014617757458322602,1,0
4.601,102.93094504198403,0,0,36.00012199302477,0,0,0,0,0,0,1,0.19517318363936575,5.952026353566243,0.08090501428284992,-0.08090501428284992,0.07468783313386108,0,0,0,0.00013885407809660687,1,0
4.628,104.1350291626177,0,0,36.19584843258819,0,0,0,0,0,0,1,0.19636797309762838,5.924119485505396,0.0805319133999551,-0.0805319133999551,0.06876830826479605,0,0,0,0.00012528941209902323,1,0
4.651,104.73951247952026,0,0,36.29336319517435,0,0,0,0,0,0,1,0.19696518791755652,5.91017025363993,0.08034538991332978,-0.08034538991332978,0.0658083159321903,0,0,0,0.00011904999937649174,1,0
4.679,105.95334062694397,0,0,36.48755031049795,0,0,0,0,0,0,1,0.19823148052005174,5.8805932764245075,0.0799719785400454,-0.0799719785400454,0.059874315154423964,0,0,0,0.00010745393180622421,1,0
4.701,106.56267298770518,0,0,36.58403721835514,0,0,0,0,0,0,1,0.19897749399147135,5.863168533199206,0.0797833646921226,-0.0797833646921226,0.0568649407538387,0,0,0,0.00010207048982273273,1,0
4.727,107.78613943167025,0,0,36.775758712572966,0,0,0,0,0,0,1,0.20064367287759602,5.824251354930436,0.07939421278080629,-0.07939421278080629,0.05079806066932065,0,0,0,0.00009212831172013933,1,0
4.751,108.4002596410376,0,0,36.87099597272859,0,0,0,0,0,0,1,0.2015412639156645,5.80328619282698,0.07919046392861054,-0.07919046392861054,0.04796028345231868,0,0,0,0.0000875403217964768,1,0
4.778,109.6332395170724,0,0,37.060230203558724,0,0,0,0,0,0,1,0.20342417007850405,5.759306884594942,0.07875874396412522,-0.07875874396412522,0.042751460770152086,0,0,0,0.00007896356227007986,1,0
4.8,110.25208544359397,0,0,37.154229848237044,0,0,0,0,0,0,1,0.20439748813477465,5.7365729557091925,0.07852946939208098,-0.07852946939208098,0.04036319791585062,0,0,0,0.00007503117686902979,1,0
4.828,111.49445509047605,0,0,37.34100088431797,0,0,0,0,0,0,1,0.20638591513889756,5.690128982112893,0.07804323313407596,-0.07804323313407596,0.035979471930621953,0,0,0,0.00006772276358547817,1,0
4.851,112.11796520443563,0,0,37.4337749499886,0,0,0,0,0,0,1,0.20739464842919433,5.666567854546676,0.07778669711561235,-0.07778669711561235,0.03396951870840879,0,0,0,0.00006432985312984594,1,0
4.878,113.36960216453504,0,0,37.61810686273807,0,0,0,0,0,0,1,0.20942949590008011,5.619039631476701,0.07724915930681753,-0.07724915930681753,0.030280191064493707,0,0,0,0.000058063802499136035,1,0
4.901,113.99771553799123,0,0,37.70966738388967,0,0,0,0,0,0,1,0.210452221926354,5.595151673577304,0.07696942988076197,-0.07696942988076197,0.028588621835332506,0,0,0,0.00005515480599392951,1,0
4.928,115.25849855709949,0,0,37.89158423909532,0,0,0,0,0,0,1,0.21250208383963134,5.547272756031469,0.07639158295227728,-0.07639158295227728,0.025483697277999352,0,0,0,0.000049782451012994515,1,0
4.951,115.89115486373181,0,0,37.98194324607568,0,0,0,0,0,0,1,0.21352741955297555,5.523323843298358,0.07609490021255651,-0.07609490021255651,0.024060078844783117,0,0,0,0.00004728835021724365,1,0
4.979,117.16096389060193,0,0,38.161469097565806,0,0,0,0,0,0,1,0.2155756103635908,5.47548395793613,0.07548942487789323,-0.07548942487789323,0.021446985772762002,0,0,0,0.000042682227518565886,1,0
5.002,117.79810340539142,0,0,38.250638612492914,0,0,0,0,0,0,1,0.21659750977325917,5.451615307438876,0.07518187502323839,-0.07518187502323839,0.020248873742550844,0,0,0,0.000040543847919885877,1,0
5.028,119.07681959089207,0,0,38.42779749318692,0,0,0,0,0,0,1,0.218635170656164,5.4040213711024565,0.07455988371735388,-0.07455988371735388,0.018049704237154036,0,0,0,0.00003659467360237231,1,0
5.051,119.71838318959041,0,0,38.51578952634582,0,0,0,0,0,0,1,0.219650425470064,5.380307919377792,0.07424637814196199,-0.07424637814196199,0.017041377565172357,0,0,0,0.000034761280454893577,1,0
5.078,121.00588888547712,0,0,38.69060544204804,0,0,0,0,0,0,1,0.22167285952360827,5.333069638270008,0.07361630520911502,-0.07361630520911502,0.015190564608966962,0,0,0,0.000031365451314867865,1,0
5.101,121.65181804391138,0,0,38.7774319881932,0,0,0,0,0,0,1,0.22267977102455344,5.309551062497931,0.07330037971660947,-0.07330037971660947,0.014341960595492144,0,0,0,0.000029812861474781907,1,0
5.128,122.94799680127005,0,0,38.94992891123984,0,0,0,0,0,0,1,0.22468449563351733,5.262726423417131,0.0726680448217361,-0.0726680448217361,0.01278432322808982,0,0,0,0.000026900443335438954,1,0
5.152,123.59823359449149,0,0,39.035601946842455,0,0,0,0,0,0,1,0.22568216848883785,5.2394236360107165,0.07235204530875704,-0.07235204530875704,0.01207014121575617,0,0,0,0.00002555273112433355,1,0
5.178,124.90297016183855,0,0,39.20580380755912,0,0,0,0,0,0,1,0.2276678813384491,5.193043057309083,0.07172118378522391,-0.07172118378522391,0.010759239344125445,0,0,0,0.00002306376683811314,1,0
5.201,125.55745726306296,0,0,39.290335286422874,0,0,0,0,0,0,1,0.22865584883943757,5.16996695925028,0.07140656826702894,-0.07140656826702894,0.010158186392876259,0,0,0,0.000021908272119523747,1,0
5.228,126.87063758408937,0,0,39.458265968227664,0,0,0,0,0,0,1,0.23062187677989773,5.124046163783818,0.07077943680075899,-0.07077943680075899,0.009054936205760616,0,0,0,0.000019774296435556028,1,0
5.252,127.52931826350519,0,0,39.5416678189143,0,0,0,0,0,0,1,0.23159990111815532,5.101202309597373,0.07046706114317147,-0.07046706114317147,0.008549092255666028,0,0,0,0.000018783604184134736,1,0
5.281,128.8508294745154,0,0,39.70735115103891,0,0,0,0,0,0,1,0.233545908266989,5.055749142621043,0.0698449499020076,-0.0698449499020076,0.007620600961457566,0,0,0,0.000016953986842906947,1,0
5.301,129.5136475979181,0,0,39.78963527352366,0,0,0,0,0,0,1,0.23451387459472867,5.033140214823123,0.06953528986106688,-0.06953528986106688,0.0071948845560801415,0,0,0,0.000016109678298130257,1,0
5.327,130.84337802494798,0,0,39.95309502501921,0,0,0,0,0,0,1,0.23643970672223533,4.988158278702075,0.06891889685771743,-0.06891889685771743,0.006413469702505741,0,0,0,0.00001453592398628263,1,0
5.351,131.51027805222216,0,0,40.03427328761016,0,0,0,0,0,0,1,0.23739756677908305,4.965785404517133,0.06861220209241066,-0.06861220209241066,0.006055188343652705,0,0,0,0.000013807674194569918,1,0
5.378,132.84811720783972,0,0,40.19553316090577,0,0,0,0,0,0,1,0.23930316876444255,4.9212759867162355,0.06800188222549687,-0.06800188222549687,0.005397552480833715,0,0,0,0.000012462737413494308,1,0
5.401,133.51904419128337,0,0,40.27561739725763,0,0,0,0,0,0,1,0.24025091085239886,4.899139439376113,0.06769827485772882,-0.06769827485772882,0.0050960242087724735,0,0,0,0.000011838354269078284,1,0
5.428,134.86488277110635,0,0,40.43470102284016,0,0,0,0,0,0,1,0.24213628240059912,4.855102546786007,0.06709419416230643,-0.06709419416230643,0.004542560288695479,0,0,0,0.000010685239134731592,1,0
5.451,135.53978235361816,0,0,40.51370302905872,0,0,0,0,0,0,1,0.2430739154332892,4.8332021180938884,0.06679372790141824,-0.06679372790141824,0.004288795205456716,0,0,0,0.000010149908654081574,1,0
5.478,136.89351223253388,0,0,40.67063395934408,0,0,0,0,0,0,1,0.24493908782269533,4.789637020141331,0.06619595349524003,-0.06619595349524003,0.003823002008726344,0,0,0,0.000009161256598632553,1,0
5.502,137.5723306456513,0,0,40.74856549118603,0,0,0,0,0,0,1,0.24586663277669007,4.767972220144454,0.06589864712700412,-0.06589864712700412,0.0036094342492888564,0,0,0,0.000008702277643041091,1,0
5.527,138.93384487375968,0,0,40.903367195338575,0,0,0,0,0,0,1,0.2477116561325028,4.724877746047971,0.06530719682445976,-0.06530719682445976,0.0032174244104359174,0,0,0,0.000007854632115175093,1,0
5.552,139.61652893556484,0,0,40.9802399655031,0,0,0,0,0,0,1,0.24862914149611295,4.703447909340791,0.06501305217120873,-0.06501305217120873,0.0030376865706629266,0,0,0,0.000007463471435839408,1,0
5.578,140.9857217338539,0,0,41.132935823807934,0,0,0,0,0,0,1,0.2504540782279683,4.660822601389598,0.0644279203879431,-0.0644279203879431,0.002707772534055686,0,0,0,0.00000673436498590694,1,0
5.601,141.67221884674203,0,0,41.20876149932284,0,0,0,0,0,0,1,0.25136153751554213,4.6396269451726955,0.06413693140877032,-0.06413693140877032,0.0025565058300768143,0,0,0,0.000006398993609608804,1,0
5.628,143.0489856024943,0,0,41.35937479814043,0,0,0,0,0,0,1,0.25316645857366027,4.597469146172364,0.06355810190475594,-0.06355810190475594,0.0022788513919408475,0,0,0,0.0000057738759878760296,1,0
5.651,143.73924375081555,0,0,41.43416499784031,0,0,0,0,0,0,1,0.2540639289785297,4.576506801715772,0.06327025902389705,-0.06327025902389705,0.002151545890987174,0,0,0,0.0000054863369636798285,1,0
5.678,145.12348101277095,0,0,41.58271892474698,0,0,0,0,0,0,1,0.2558489118058127,4.534814702821375,0.0626977107611738,-0.0626977107611738,0.0019178729384526432,0,0,0,0.000004950376760561293,1,0
5.701,145.81744876035037,0,0,41.65648521684291,0,0,0,0,0,0,1,0.2567364334536409,4.514084732904245,0.06241300277604187,-0.06241300277604187,0.001810733097715918,0,0,0,0.000004703847997885362,1,0
5.729,147.2090542336248,0,0,41.80300285580867,0,0,0,0,0,0,1,0.25850156087012777,4.472856399676303,0.06184671238482286,-0.06184671238482286,0.001614074801479838,0,0,0,0.000004244329134010402,1,0
5.751,147.90668072116264,0,0,41.8757567555492,0,0,0,0,0,0,1,0.25937917638150554,4.4523578088034075,0.061565127222582894,-0.061565127222582894,0.001523906306111613,0,0,0,0.0000040316882443964944,1,0
5.777,149.30555326193237,0,0,42.02026108232434,0,0,0,0,0,0,1,0.2611245359119865,4.411591196912887,0.06100506991354213,-0.06100506991354213,0.0013583994082914102,0,0,0,0.0000036389815703172766,1,0
5.801,150.00678820428945,0,0,42.09201404974672,0,0,0,0,0,0,1,0.2619922901318412,4.391322937634852,0.06072659488440242,-0.06072659488440242,0.0012825139346798865,0,0,0,0.000003457760288115492,1,0
5.828,151.41282781425414,0,0,42.234527927556925,0,0,0,0,0,0,1,0.26371797352751336,4.351015904035939,0.06017274471782338,-0.06017274471782338,0.0011432239390359524,0,0,0,0.000003119971720147078,1,0
5.851,152.11762149762924,0,0,42.305291365327015,0,0,0,0,0,0,1,0.26457591335357944,4.3309768809556815,0.05989736657503474,-0.05989736657503474,0.0010793590039305302,0.001,1.2100942855759,0,0.0000029636611369677196,1,1
5.877,153.5307293182554,0,0,42.445837540466876,0,0,0,0,0,0,1,0.26628201636911214,4.291127189092881,0.05934969650111476,-0.05934969650111476,0.0009621330566013494,0.026058698408085553,0.47676095224256665,0,0.000002674985664648147,1,1
5.901,154.23903259725438,0,0,42.515622791807665,0,0,0,0,0,0,1,0.26713019061205523,4.271316262132712,0.05907740143955246,-0.05907740143955246,0.0009083845624310446,0.029421380945461664,0.11009428557589998,0,0.000002541771378548681,1,1
5.928,155.6591109038165,0,0,42.65422388976561,0,0,0,0,0,0,1,0.26881681268937163,4.231921589326821,0.05853588328344118,-0.05853588328344118,0.000809727636901718,0.017813412686880553,-0.6232390477574333,0,0.000002294190086585711,1,1
5.951,156.37087519842336,0,0,42.7230422364869,0,0,0,0,0,0,1,0.2696552719702201,4.2123375761241455,0.05826665693222548,-0.05826665693222548,0.0007644931021635778,0.002842761890923331,-0.9899057144241,0,0.000002179251163247774,1,1
5.978,157.7978273938446,0,0,42.85972075791732,0,0,0,0,0,0,1,0.27132251611868874,4.173395516370627,0.05773126138450529,-0.05773126138450529,0.000681463796991341,0.019385988768491673,1.0114926594428337,0,0.0000019663601389026017,1,1
6.001,158.51300468629296,0,0,42.92758341845475,0,0,0,0,0,0,1,0.27215131280396593,4.154037193793082,0.05746508880589912,-0.05746508880589912,0.0006433945791544163,0.031660866425872236,0.644825992776167,0,0.0000018684354039852606,1,1
6.027,159.94673529479627,0,0,43.062361735540854,0,0,0,0,0,0,1,0.2737992853818235,4.115545262867409,0.056935785429976425,-0.056935785429976425,0.0005735174217182142,0.03787728840730002,-0.0885073405571663,0,0.000001685907968054287,1,1
6.052,160.66527812635022,0,0,43.129279863231886,0,0,0,0,0,0,1,0.27461847345687757,4.096411369971503,0.05667265112818854,-0.05667265112818854,0.0005414785081955058,0.03181883273134725,-0.45517400722383294,0,0.0000016014439788547726,1,1
6.078,162.10569278693066,0,0,43.26218021610557,0,0,0,0,0,0,1,0.27624728404117815,4.058367008466767,0.05614940838642703,-0.05614940838642703,0.00048267014985461855,0.001368588046108378,-1.1885073405571662,0,0.000001445911803686153,1,1
6.101,162.82755425457674,0,0,43.32816489740445,0,0,0,0,0,0,1,0.2770569190620879,4.039456247621233,0.05588929632366523,-0.05588929632366523,0.0004557063182331568,0.001,1.551151134308657,0,0.0000013734716223214814,1,1
6.127,164.27455971430095,0,0,43.45920939080413,0,0,0,0,0,0,1,0.27866668027829533,4.001856824928389,0.05537208161385628,-0.05537208161385628,0.0004062134204445234,0.03742726003251079,0.8178178009753236,0,0.0000012392971932716066,1,1
6.151,164.99969346735577,0,0,43.52427164360471,0,0,0,0,0,0,1,0.27946681931262723,3.9831678631979215,0.055114975230208876,-0.055114975230208876,0.000383520759059635,0.046474223382099514,0.45115113430865694,0,0.0000011772084038887032,1,1
6.177,166.45319757449386,0,0,43.653482243576406,0,0,0,0,0,0,1,0.28105764671865213,3.94601068021434,0.0546037549264108,-0.0546037549264108,0.0003418677185629573,0.046234816747943636,-0.28218219902467634,0,0.0000010625423957637524,1,1
6.202,167.18155781113094,0,0,43.717633015698844,0,0,0,0,0,0,1,0.281848348239552,3.9275421518333213,0.054349637160876894,-0.054349637160876894,0.00032276965831845827,0.03694844676419903,-0.648848865691343,0,0.0000010096277844547223,1,1
6.228,168.64146950813554,0,0,43.8450315466041,0,0,0,0,0,0,1,0.28342036015756666,3.8908244448911216,0.05384437665787222,-0.05384437665787222,0.0002877146128445129,0.000042373463376491755,-1.3821821990246763,0,9.112849699173512e-7,1,1
6.251,169.37301097183698,0,0,43.90828171426587,0,0,0,0,0,0,1,0.2842016839975831,3.8725749523421666,0.05359322997118122,-0.05359322997118122,0.00027164175568085734,0.001,1.7088893381771797,0,8.656295929244949e-7,1,1
6.278,170.83924028817117,0,0,44.03388985580747,0,0,0,0,0,0,1,0.28575500140537724,3.836293895745833,0.05309389372920895,-0.05309389372920895,0.00024213955851764188,0.042685200161461545,0.9755560048438463,0,7.813129251130899e-7,1,1
6.301,171.57391826410526,0,0,44.09625022219407,0,0,0,0,0,0,1,0.28652700869103653,3.818262011287932,0.05284570012569833,-0.05284570012569833,0.00022861270112500771,0.05436113357552565,0.6088893381771796,0,7.421691475649267e-7,1,1
6.328,173.04637630892904,0,0,44.22008950668557,0,0,0,0,0,0,1,0.2880617550699045,3.782414720867231,0.05235225171398221,-0.05235225171398221,0.00020378376064897428,0.059379667070320524,-0.1244439951561537,0,6.696666509609974e-7,1,1
6.356,173.78414662026003,0,0,44.28157080062227,0,0,0,0,0,0,1,0.28882450814831306,3.764598988250116,0.05210699276336037,-0.05210699276336037,0.00019239960728672004,0.0527222671510513,-0.49111066182282037,0,6.363172517431426e-7,1,1
6.377,175.26274557498408,0,0,44.40366261036815,0,0,0,0,0,0,1,0.29034080935752216,3.7291825242921615,0.05161939490341626,-0.05161939490341626,0.00017150366242702468,0.02107413397917951,-1.2244439951561537,0,5.741553685149722e-7,1,1
6.401,176.00356457911687,0,0,44.46427548505594,0,0,0,0,0,0,1,0.2910943717294395,3.7115814603195196,0.05137705176224387,-0.05137705176224387,0.00016192280088516388,0,0,0,5.45390184552374e-7,1,0
6.428,177.48821768982893,0,0,44.58464104985849,0,0,0,0,0,0,1,0.29259235589220856,3.6765928302319857,0.050895266370299765,-0.050895266370299765,0.00014433685065096423,0.03730642064155415,1.2689234923288326,0,4.922664427182446e-7,1,1
6.451,178.23204227459166,0,0,44.64439608165791,0,0,0,0,0,0,1,0.2933367921561191,3.6592049260677917,0.05065581980274636,-0.05065581980274636,0.00013627363286362662,0.05387181218036803,0.9022568256621659,0,4.6775157387087817e-7,1,1
6.478,179.72266384436426,0,0,44.76305647653178,0,0,0,0,0,0,1,0.2948165895110222,3.624641087849697,0.05017980803071966,-0.05017980803071966,0.00012147336191554107,0.06866926192466245,0.16892349232883255,0,4.2205688519930424e-7,1,1
6.501,180.46945142413384,0,0,44.82196416383764,0,0,0,0,0,0,1,0.29555196530173444,3.607464810452347,0.049943238429030146,-0.049943238429030146,0.00011468738752253149,0.066901320130143,-0.1977431743378341,0,4.010384523163807e-7,1,1
6.527,181.96595680521853,0,0,44.93894030676517,0,0,0,0,0,0,1,0.2970137081092161,3.573322674877595,0.049472960704807285,-0.049472960704807285,0.00010223153400198875,0.04503210320777074,-0.9310765076711675,0,3.6186097382651566e-7,1,1
6.551,182.71566531699062,0,0,44.99701106894385,0,0,0,0,0,0,1,0.2977400900353267,3.5563564684605837,0.049239248108931044,-0.049239248108931044,0,0.024930828079917956,-1.297743174337834,0,3.437317390378084e-7,1,1
6.577,184.21797090290698,0,0,45.112323718844586,0,0,0,0,0,0,1,0.2991839124429715,3.52263290222488,0.04877466417517509,-0.04877466417517509,0,0.014966794207925436,1.6760153049510522,0,3.103484953558688e-7,1,1
6.601,184.97055880231548,0,0,45.16956789523982,0,0,0,0,0,0,1,0.29990136802839207,3.505875189622557,0.04854378829209788,-0.04854378829209788,0,0.038317049290442974,1.3093486382843855,0,2.9480003573854077e-7,1,1
6.627,186.47858201984116,0,0,45.283237650042906,0,0,0,0,0,0,1,0.3013274059579487,3.4725670179821986,0.048084857244675476,-0.048084857244675476,0,0.06668422612214471,0.5760153049510521,0,2.660850323614266e-7,1,1
6.651,187.2340082771294,0,0,45.33966549903666,0,0,0,0,0,0,1,0.3020360035891469,3.4560162018820697,0.04785679746739123,-0.04785679746739123,0,0.07170114787132892,0.20934863828438546,0,2.5275417224012e-7,1,1
6.678,188.747667578197,0,0,45.451712793871735,0,0,0,0,0,0,1,0.3034443946265825,3.423120211221966,0.04740347779258314,-0.04740347779258314,0,0.063401658036364,-0.5239846950489478,0,2.2813464703798687e-7,1,1
6.702,189.50589167414432,0,0,45.50733449202296,0,0,0,0,0,0,1,0.30414420349269633,3.40677467556345,0.047178213218447014,-0.047178213218447014,0,0.05008524645221486,-0.8906513617156145,0,2.1670510122138448e-7,1,1
6.728,191.02510652765253,0,0,45.61777959754896,0,0,0,0,0,0,1,0.30553508677756014,3.374287615981274,0.046730462829397135,-0.046730462829397135,0,0.005119089950583269,-1.6239846950489478,0,1.9553516254665843e-7,1,1
6.751,191.7860884494593,0,0,45.67260523878187,0,0,0,0,0,0,1,0.3062261768187642,3.358145727161723,0.04650797227814383,-0.04650797227814383,0,0.001,1.8108693062110126,0,1.857975114518357e-7,1,1
6.778,193.31077933300307,0,0,45.78146825962565,0,0,0,0,0,0,1,0.30759969294020917,3.326064314896544,0.04606574855035334,-0.04606574855035334,0,0.046084532429255975,1.0775359728776792,0,1.6764695441608022e-7,1,1
6.801,194.07447957013684,0,0,45.835507854486586,0,0,0,0,0,0,1,0.3082821347921628,3.31012442306877,0.04584601058158953,-0.04584601058158953,0,0.05946013197721729,0.7108693062110125,0,1.5929813608616016e-7,1,1
6.827,195.60456796166395,0,0,45.94280872781509,0,0,0,0,0,0,1,0.30963842568035926,3.278445343037324,0.045409270387520344,-0.045409270387520344,0,0.0678779977398066,-0.022464027122320818,0,1.437816979547245e-7,1,1
6.851,196.37094750167017,0,0,45.996072202778976,0,0,0,0,0,0,1,0.3103122906256723,3.2627057832432267,0.04519226331786127,-0.04519226331786127,0,0.06292026395443458,-0.38913069378898746,0,1.3657823488719326e-7,1,1
6.877,197.90635587106885,0,0,46.101830696971284,0,0,0,0,0,0,1,0.3116514994538745,3.2314256913273613,0.04476096306075294,-0.04476096306075294,0,0.03467146305035722,-1.1224640271223207,0,1.2327482918644107e-7,1,1
6.901,198.6753761953486,0,0,46.15432789380653,0,0,0,0,0,0,1,0.3123168593728246,3.215884784649025,0.04454666498046343,-0.04454666498046343,0,0.011380395931651872,-1.4891306937889874,0,1.1709876024420077e-7,1,1
6.927,200.21602799597238,0,0,46.258563607240085,0,0,0,0,0,0,1,0.31363913045951586,3.1850003099813082,0.044120760627108443,-0.044120760627108443,0,0.024404217644042818,1.3125863919759024,0,1.0565938352693191e-7,1,1
6.951,200.98765107552998,0,0,46.31030428243309,0,0,0,0,0,0,1,0.31429605777968567,3.1696563647173424,0.04390914941625997,-0.04390914941625997,0,0.041697324176974526,0.9459197253092357,0,1.0039754622729116e-7,1,1
6.977,202.53347073566502,0,0,46.41303664238662,0,0,0,0,0,0,1,0.31560153648977995,3.139164111988712,0.04348859652894027,-0.04348859652894027,0,0.0579502039095046,0.21258639197590237,0,9.058971094032212e-8,1,1
7.001,203.30765902682847,0,0,46.46403046661797,0,0,0,0,0,0,1,0.3162501041387823,3.1240154247584426,0.0432796498732199,-0.0432796498732199,0,0.05690997710910298,-0.15408027469076427,0,8.607834333549448e-8,1,1
7.027,204.85857194110918,0,0,46.56527872826939,0,0,0,0,0,0,1,0.31753893679364353,3.0939119763198986,0.04286440364093392,-0.04286440364093392,0,0.03649619017496639,-0.8874136080240976,0,7.76938805813335e-8,1,1
7.052,205.63528838122573,0,0,46.61553528593841,0,0,0,0,0,0,1,0.3181792181543358,3.0789568331094435,0.0426580990470122,-0.0426580990470122,0,0.017122630041231435,-1.2540802746907642,0,7.380141716420895e-8,1,1
7.078,207.19122090200318,0,0,46.71531853146964,0,0,0,0,0,0,1,0.3194515519406436,3.0492387511006815,0.04224811431572669,-0.04224811431572669,0,0.011857853784823142,1.3029424541787769,0,6.661278864930061e-8,1,1
7.102,207.97042890511287,0,0,46.7648473202703,0,0,0,0,0,0,1,0.3200836208071022,3.034475428291257,0.04204442912616144,-0.04204442912616144,0,0.028990228021136086,0.9362757875121102,0,6.327548793797086e-8,1,1
7.128,209.5313083337812,0,0,46.86318445807019,0,0,0,0,0,0,1,0.3213396036890289,3.005139256691968,0.04163966042818781,-0.04163966042818781,0,0.04492164316042865,0.2029424541787768,0,5.709410615406511e-8,1,1
7.151,210.31297178627034,0,0,46.911994888618274,0,0,0,0,0,0,1,0.32196353422255947,2.9905660220873616,0.04143857183590899,-0.04143857183590899,0,0.04372068406340826,-0.16372421248788985,0,5.4250819667592914e-8,1,1
7.176,211.8787263645564,0,0,47.008904652581215,0,0,0,0,0,0,1,0.3232033148569486,2.961608288698416,0.04103897341848065,-0.04103897341848065,0,0.02298543253603415,-0.8970575458212232,0,4.8966517492854464e-8,1,1
7.201,212.66280962079404,0,0,47.05700604808826,0,0,0,0,0,0,1,0.3238191815437547,2.947223402513729,0.040840458480880866,-0.040840458480880866,0,0.0034511401056804333,-1.2637242124878898,0,4.6513294966462616e-8,1,1
7.227,214.2333685220145,0,0,47.1525069970063,0,0,0,0,0,0,1,0.3250429091978299,2.9186406208792595,0.04044598433393596,-0.04044598433393596,0,0.01759208645097348,0.9038585203917422,0,4.198266653998828e-8,1,1
7.252,215.0198363999737,0,0,47.19990859299535,0,0,0,0,0,0,1,0.3256507868099374,2.9044423366536054,0.0402500199865488,-0.0402500199865488,0,0.028073061790835848,0.5371918537250755,0,3.9879334946335004e-8,1,1
7.278,216.59512972026457,0,0,47.294019110038676,0,0,0,0,0,0,1,0.3268586112817271,2.8762310079196602,0.03986062386963935,-0.03986062386963935,0,0.030701679137227256,-0.1961414796082578,0,3.599488752830042e-8,1,1
7.301,217.38394749713106,0,0,47.340730054108974,0,0,0,0,0,0,1,0.32745857483658214,2.8622175734598323,0.03966718693938377,-0.03966718693938377,0,0.02284932114375629,-0.5628081462749245,0,3.420234212939102e-8,1,1
7.328,218.9639062466534,0,0,47.43346834639605,0,0,0,0,0,0,1,0.3286506463770281,2.8343741881937006,0.03928282240778452,-0.03928282240778452,0,0,0,0,3.0861112590583476e-8,1,0
7.351,219.7550396544234,0,0,47.47949769802827,0,0,0,0,0,0,1,0.32924277109978056,2.8205438464551253,0.03909188962582954,-0.03909188962582954,0,0,0,0,2.9314970849795345e-8,1,0
7.377,221.33959574855055,0,0,47.57088179627826,0,0,0,0,0,0,1,0.3304192403381766,2.7930648863868752,0.038712510055862286,-0.038712510055862286,0,0,0,0,2.6459545527871522e-8,1,0
7.402,222.13301096962022,0,0,47.6162385266817,0,0,0,0,0,0,1,0.33100360162483156,2.779415876334292,0.038524058070089774,-0.038524058070089774,0,0,0,0,2.5133922296925246e-8,1,0
7.427,223.72209722010973,0,0,47.70628628495023,0,0,0,0,0,0,1,0.3321646194960092,2.7522978160575,0.038149616683674246,-0.038149616683674246,0,0,0,0,2.2685752092914716e-8,1,0
7.452,224.51776088285825,0,0,47.75097927695007,0,0,0,0,0,0,1,0.3327412928778503,2.7388283734959256,0.0379636220707625,-0.0379636220707625,0,0,0,0,2.1549195913059764e-8,1,0
7.479,226.11131098901288,0,0,47.83970837244124,0,0,0,0,0,0,1,0.3338870105528583,2.712067682086811,0.037594071959179944,-0.037594071959179944,0,0,0,0,1.9450196054164192e-8,1,0
7.501,226.9091901633809,0,0,47.88374642040454,0,0,0,0,0,0,1,0.33445607166189073,2.6987760404686956,0.037410511236284465,-0.037410511236284465,0,0,0,0,1.847574123185063e-8,1,0
7.528,228.50713870320254,0,0,47.97117435336205,0,0,0,0,0,0,1,0.3355866404794046,2.672369183088192,0.03704580538316325,-0.03704580538316325,0,0,0,0,1.6670846255668476e-8,1,0
7.551,229.30720089626803,0,0,48.014566163161085,0,0,0,0,0,0,1,0.33614816501520783,2.6592535742876455,0.03686465501923067,-0.03686465501923067,0,0,0,0,1.5845639366012885e-8,1,0
7.578,230.9094816582693,0,0,48.10058634419884,0,0,0,0,0,0,1,0.33732362101827373,2.63179828050175,0.036504268685023024,-0.036504268685023024,0,0,0,0,1.4297677588695953e-8,1,0
7.602,231.71169030069444,0,0,48.14313702533332,0,0,0,0,0,0,1,0.33796624950918497,2.6167883150354667,0.03632387612407432,-0.03632387612407432,0,0,0,0,1.3585653244778878e-8,1,0
7.627,233.31821856495336,0,0,48.2273225288086,0,0,0,0,0,0,1,0.33932699979562464,2.5850050762021968,0.03595838269648552,-0.03595838269648552,0,0,0,0,1.2258469692444185e-8,1,0
7.652,234.1225280748637,0,0,48.26896155472849,0,0,0,0,0,0,1,0.3400339004806857,2.5684938959154135,0.035771710866170724,-0.035771710866170724,0,0,0,0,1.1644320360852772e-8,1,0
7.677,235.7332128314367,0,0,48.35134256540304,0,0,0,0,0,0,1,0.34148027945192505,2.534710615658608,0.03538783135192852,-0.03538783135192852,0,0,0,0,1.0510105103217464e-8,1,0
7.702,236.5395781740602,0,0,48.39208867521697,0,0,0,0,0,0,1,0.34221382586015453,2.5175770674092486,0.03519010094980115,-0.03519010094980115,0,0,0,0,9.983548837546304e-9,1,0
7.727,238.15433028399943,0,0,48.47270231937339,0,0,0,0,0,0,1,0.343690830210771,2.483078465791277,0.03478295580153709,-0.03478295580153709,0,0,0,0,9.011101063354098e-9,1,0
7.75,238.96270735126703,0,0,48.51257390137906,0,0,0,0,0,0,1,0.34443116673936447,2.465786319730559,0.03457387284688969,-0.03457387284688969,0,0,0,0,8.559644900080087e-9,1,0
7.778,240.5814395115812,0,0,48.59145660873491,0,0,0,0,0,0,1,0.3459098447219864,2.431248626850748,0.03414612271901078,-0.03414612271901078,0,0,0,0,7.725892517394862e-9,1,0
7.801,241.39178510473366,0,0,48.63047170547583,0,0,0,0,0,0,1,0.3466465579072729,2.4140411117372693,0.03392817217860061,-0.03392817217860061,0,0,0,0,7.338825302273404e-9,1,0
7.827,243.01441181385496,0,0,48.707659219295586,0,0,0,0,0,0,1,0.3481117985836196,2.3798172759397414,0.03348603902672375,-0.03348603902672375,0,0,0,0,6.6239868769289346e-9,1,0
7.851,243.82668362630278,0,0,48.745835532615125,0,0,0,0,0,0,1,0.3488394908741531,2.3628204631537097,0.03326261715695545,-0.03326261715695545,0,0,0,0,6.2941123304578665e-9,1,0
7.881,245.45312115005876,0,0,48.82136291981214,0,0,0,0,0,0,1,0.35028353482664865,2.3290917222632777,0.032812838489568376,-0.032812838489568376,0,0,0,0,5.679240559836567e-9,1,0
7.901,246.26727775049423,0,0,48.85871781590089,0,0,0,0,0,0,1,0.3509994723074996,2.3123694682462594,0.03258711926834722,-0.03258711926834722,0,0,0,0,5.3964143799567e-9,1,0
7.928,247.89744408858462,0,0,48.93261947712235,0,0,0,0,0,0,1,0.3524184629722838,2.279225900575943,0.03213540387153104,-0.03213540387153104,0,0,0,0,4.8692382274655846e-9,1,0
7.952,248.71344490434626,0,0,48.96916999155488,0,0,0,0,0,0,1,0.35312132527361134,2.262809045394935,0.0319098746351162,-0.0319098746351162,0,0,0,0,4.625289392269575e-9,1,0
7.979,250.34725975732297,0,0,49.0414796712422,0,0,0,0,0,0,1,0.35451347618753704,2.230292377619671,0.031460435641087484,-0.031460435641087484,0,0,0,0,4.1747629865097545e-9,1,0
8.001,251.1650650580112,0,0,49.07724251399962,0,0,0,0,0,0,1,0.35520269214053496,2.2141942621460764,0.031236836037611584,-0.031236836037611584,0,0,0,0,3.965607360885629e-9,1,0
8.027,252.80244979476095,0,0,49.147993310416496,0,0,0,0,0,0,1,0.3565673129541976,2.182320618855528,0.030792489437404345,-0.030792489437404345,0,0,0,0,3.579337296586405e-9,1,0
8.051,253.62202067610454,0,0,49.18298487089145,0,0,0,0,0,0,1,0.35724270753852655,2.166545331064416,0.030571931615430287,-0.030571931615430287,0,0,0,0,3.400012498027438e-9,1,0
8.079,255.2628983018313,0,0,49.2522092461139,0,0,0,0,0,0,1,0.35857968641500154,2.135317324449607,0.03013440498217741,-0.03013440498217741,0,0,0,0,3.0688342126568148e-9,1,0
8.101,256.0841966698034,0,0,49.28644559809477,0,0,0,0,0,0,1,0.35924129314060416,2.1198640816444607,0.029917541447734505,-0.029917541447734505,0,0,0,0,2.9150856186027183e-9,1,0
8.127,257.7284917945094,0,0,49.35417538795618,0,0,0,0,0,0,1,0.36055082169912656,2.0892772360275442,0.029487802372823918,-0.029487802372823918,0,0,0,0,2.631141645620999e-9,1,0
8.151,258.5514803496921,0,0,49.387672294587475,0,0,0,0,0,0,1,0.36119878290781887,2.0741427135102306,0.029274978295628144,-0.029274978295628144,0,0,0,0,2.5001107916690705e-9,1,0
8.178,260.19911915715437,0,0,49.45393871857354,0,0,0,0,0,0,1,0.36248121006777845,2.044188879131175,0.02885350419439103,-0.02885350419439103,0,0,0,0,2.2558749934320295e-9,1,0
8.201,261.02376137935033,0,0,49.48671163728967,0,0,0,0,0,0,1,0.36311572396017705,2.0293684475015796,0.028644873268875364,-0.028644873268875364,0,0,0,0,2.143532418759112e-9,1,0
8.228,262.67467159659077,0,0,49.551545308377186,0,0,0,0,0,0,1,0.36437147829046856,2.0000376142154854,0.02823184529207704,-0.02823184529207704,0,0,0,0,1.9341307582058604e-9,1,0
8.252,263.5009317296813,0,0,49.583609395807024,0,0,0,0,0,0,1,0.3649927707857079,1.985525996648109,0.02802744898611002,-0.02802744898611002,0,0,0,0,1.837230807219753e-9,1,0
8.278,265.15504259692636,0,0,49.647040330241765,0,0,0,0,0,0,1,0.366222319262521,1.9568072572254016,0.027622879472205233,-0.027622879472205233,0,0,0,0,1.658275303697891e-9,1,0
8.302,265.9828856339732,0,0,49.67841044708142,0,0,0,0,0,0,1,0.3668306290561322,1.9425988784746269,0.027422697205680018,-0.027422697205680018,0,0,0,0,1.575195710982632e-9,1,0
8.328,267.64012787510103,0,0,49.74046807409033,0,0,0,0,0,0,1,0.36803445517160593,1.914480939920347,0.027026507854489623,-0.027026507854489623,0,0,0,0,1.4217637412504497e-9,1,0
8.351,268.46951954369075,0,0,49.77115878994193,0,0,0,0,0,0,1,0.3686300258083633,1.9005701114760865,0.026830486825079054,-0.026830486825079054,0,0,0,0,1.3509599069361758e-9,1,0
8.378,270.12982533716195,0,0,49.83187196137484,0,0,0,0,0,0,1,0.3698086179649836,1.8730415661035977,0.026442553883599593,-0.026442553883599593,0,0,0,0,1.2189846471371814e-9,1,0
8.401,270.9607320849918,0,0,49.86189755954917,0,0,0,0,0,0,1,0.37039169364062974,1.8594225842510053,0.026250625816762786,-0.026250625816762786,0,0,0,0,1.1582792117097485e-9,1,0
8.428,272.6240350352594,0,0,49.92129455944639,0,0,0,0,0,0,1,0.37154553901337356,1.8324720530447753,0.025870804788276587,-0.025870804788276587,0,0,0,0,1.0451269271006164e-9,1,0
8.451,273.4564240159617,0,0,49.95066904172739,0,0,0,0,0,0,1,0.37211636235883533,1.8191392506186321,0.02568289483803088,-0.02568289483803088,0,0,0,0,9.92766068052879e-10,1,0
8.479,275.12265912535855,0,0,50.008777595809015,0,0,0,0,0,0,1,0.3732459436647204,1.7927554586883168,0.02531103325587149,-0.02531103325587149,0,0,0,0,8.963486672342241e-10,1,0
8.501,275.9564981845624,0,0,50.037514687178195,0,0,0,0,0,0,1,0.37380475458463147,1.7797032322018227,0.02512706446607389,-0.02512706446607389,0,0,0,0,8.514415990057875e-10,1,0
8.529,277.62560182565915,0,0,50.09436197225176,0,0,0,0,0,0,1,0.3749105483987819,1.7538750481141656,0.024763008100470805,-0.024763008100470805,0,0,0,0,7.682642777133289e-10,1,0
8.551,278.46085948728694,0,0,50.12247512557098,0,0,0,0,0,0,1,0.37545758347101266,1.7410978717842047,0.024582903494364497,-0.024582903494364497,0,0,0,0,7.300047166832043e-10,1,0
8.579,280.1327693757192,0,0,50.178087778853985,0,0,0,0,0,0,1,0.3765400593659424,1.7158143276669169,0.024226499148229812,-0.024226499148229812,0,0,0,0,6.58898592654584e-10,1,0
8.601,280.96941482851634,0,0,50.20559017950496,0,0,0,0,0,0,1,0.3770755515398387,1.70330676046234,0.024050182624099685,-0.024050182624099685,0,0,0,0,6.258877731625879e-10,1,0
8.628,282.6440699962744,0,0,50.25999430785944,0,0,0,0,0,0,1,0.37813517166338817,1.6785570618622905,0.023701279264598293,-0.023701279264598293,0,0,0,0,5.649231620999317e-10,1,0
8.651,283.48207308056936,0,0,50.2868988783385,0,0,0,0,0,0,1,0.3786593501174218,1.6663137508287915,0.02352867592993812,-0.02352867592993812,0,0,0,0,5.366205116787239e-10,1,0
8.678,285.1594138497481,0,0,50.34012006741478,0,0,0,0,0,0,1,0.3796965690049483,1.6420872810987075,0.023187125066972222,-0.023187125066972222,0,0,0,0,4.841980592590351e-10,1,0
8.7,285.9987450444408,0,0,50.366439471881534,0,0,0,0,0,0,1,0.38020965908953996,1.6301029626943162,0.02301816133054636,-0.02301816133054636,0,0,0,0,4.5993973649015897e-10,1,0
8.727,287.6787130014428,0,0,50.41850279516865,0,0,0,0,0,0,1,0.38122492360160665,1.6063892844481882,0.022683817087764065,-0.022683817087764065,0,0,0,0,4.1527036628524695e-10,1,0
8.752,288.5193434112197,0,0,50.4442494439475,0,0,0,0,0,0,1,0.381727146827728,1.5946587848094966,0.022518420659982784,-0.022518420659982784,0,0,0,0,3.943407398244714e-10,1,0
8.778,290.20188138140924,0,0,50.49517947172792,0,0,0,0,0,0,1,0.38272089615541416,1.5714476397985417,0.02219113974000336,-0.02219113974000336,0,0,0,0,3.560423829463475e-10,1,0
8.801,291.04378272418137,0,0,50.520365525761086,0,0,0,0,0,0,1,0.3832124702079711,1.5599658744281044,0.022029239606376226,-0.022029239606376226,0,0,0,0,3.3809784684585236e-10,1,0
8.828,292.72883474698256,0,0,50.570186333967776,0,0,0,0,0,0,1,0.38418513591493564,1.5372471825582898,0.021708881232269685,-0.021708881232269685,0,0,0,0,3.051653584542617e-10,1,0
8.851,293.57197934154516,0,0,50.594823709219035,0,0,0,0,0,0,1,0.3846662746796885,1.5260091556958482,0.021550407624273456,-0.021550407624273456,0,0,0,0,2.8996812360323916e-10,1,0
8.878,295.25949064598046,0,0,50.64355888819282,0,0,0,0,0,0,1,0.3856182807645538,1.5037730135707796,0.02123683348510869,-0.02123683348510869,0,0,0,0,2.6164114050812025e-10,1,0
8.902,296.10385139989114,0,0,50.667659260001024,0,0,0,0,0,0,1,0.3860891943626034,1.4927738173877634,0.021081717855399872,-0.021081717855399872,0,0,0,0,2.486114117108156e-10,1,0
8.927,297.79376838055447,0,0,50.71533192314664,0,0,0,0,0,0,1,0.3870209573327791,1.4710104965843742,0.020774792061655497,-0.020774792061655497,0,0,0,0,2.243245653869004e-10,1,0
8.951,298.6393187782277,0,0,50.738906730528065,0,0,0,0,0,0,1,0.3874818521594,1.4602453102768718,0.020622967064047155,-0.020622967064047155,0,0,0,0,2.131532020306325e-10,1,0
8.979,300.3315889716876,0,0,50.78553952286743,0,0,0,0,0,0,1,0.3883937811116095,1.43894525546455,0.02032255611128823,-0.02032255611128823,0,0,0,0,1.9239101012377514e-10,1,0
9.001,301.1783030627028,0,0,50.8085999727665,0,0,0,0,0,0,1,0.38884485987766254,1.4284093442860248,0.02017395558409676,-0.02017395558409676,0,0,0,0,1.827522205165736e-10,1,0
9.027,302.8728751243303,0,0,50.85421507938774,0,0,0,0,0,0,1,0.3897373565825557,1.4075631712503067,0.01987992832186525,-0.01987992832186525,0,0,0,0,1.6495123682211273e-10,1,0
9.051,303.7207275119509,0,0,50.87677215087525,0,0,0,0,0,0,1,0.39017881835753065,1.3972518855062486,0.019734487273171477,-0.019734487273171477,0,0,0,0,1.5668717985732453e-10,1,0
9.078,305.41755119316633,0,0,50.921391305276444,0,0,0,0,0,0,1,0.39105227734693115,1.3768503791109663,0.019446714876565425,-0.019446714876565425,0,0,0,0,1.4138041082393447e-10,1,0
9.101,306.2665170230673,0,0,50.943455753694934,0,0,0,0,0,0,1,0.3914843176030623,1.366759153128474,0.019304369470353952,-0.019304369470353952,0,0,0,0,1.3433966636490238e-10,1,0
9.127,307.96554314900175,0,0,50.987100246021505,0,0,0,0,0,0,1,0.3923391262590172,1.3467932652358134,0.01902272541267109,-0.01902272541267109,0,0,0,0,1.212160136105419e-10,1,0
9.151,308.81559809820254,0,0,51.00868260707722,0,0,0,0,0,0,1,0.3927619369161592,1.3369176163154253,0.01888341295523851,-0.01888341295523851,0,0,0,0,1.1517945613273677e-10,1,0
9.177,310.5167785457675,0,0,51.05137329225213,0,0,0,0,0,0,1,0.3935984755612886,1.317378463675617,0.018607772980799464,-0.018607772980799464,0,0,0,0,1.0396039890453865e-10,1,0
9.201,311.3678988117684,0,0,51.07248388605318,0,0,0,0,0,0,1,0.3940122450323524,1.3077139910300553,0.01847143190712615,-0.01847143190712615,0,0,0,0,9.875198291942104e-11,1,0
9.227,313.07118648812934,0,0,51.11424119179926,0,0,0,0,0,0,1,0.39483088702116337,1.288592853148541,0.018201674003872813,-0.018201674003872813,0,0,0,0,8.910490269554273e-11,1,0
9.252,313.9233487782479,0,0,51.13489012683967,0,0,0,0,0,0,1,0.3952358002579767,1.2791352368315443,0.018068243863835647,-0.018068243863835647,0,0,0,0,8.466747854130461e-11,1,0
9.28,315.62869759969533,0,0,51.17573406159344,0,0,0,0,0,0,1,0.3960369120689282,1.260423553818605,0.01780424823556989,-0.01780424823556989,0,0,0,0,7.639630578920636e-11,1,0
9.3,316.4818791206006,0,0,51.1959312386829,0,0,0,0,0,0,1,0.3964331506084175,1.2511685536462487,0.017673669679968432,-0.017673669679968432,0,0,0,0,7.25917697609038e-11,1,0
9.328,318.189243991814,0,0,51.235881399399446,0,0,0,0,0,0,1,0.397217091936557,1.232857924053276,0.017415318718227126,-0.017415318718227126,0,0,0,0,6.552096697550772e-11,1,0
9.351,319.0434224392554,0,0,51.255636515538455,0,0,0,0,0,0,1,0.3976048339471837,1.2238013785193522,0.01728753348463816,-0.01728753348463816,0,0,0,0,6.223836653003464e-11,1,0
9.378,320.752759232954,0,0,51.29471209538711,0,0,0,0,0,0,1,0.3983719577972137,1.2058835571650803,0.017034711740253252,-0.017034711740253252,0,0,0,0,5.6158301126099275e-11,1,0
9.401,321.60791278168267,0,0,51.31403464758742,0,0,0,0,0,0,1,0.3987513781255952,1.19702138235217,0.016909662638743432,-0.016909662638743432,0,0,0,0,5.336161773001947e-11,1,0
9.428,323.31917831865775,0,0,51.35225444353796,0,0,0,0,0,0,1,0.39950203090525266,1.1794882781415992,0.016662256793149966,-0.016662256793149966,0,0,0,0,4.816392828779468e-11,1,0
9.451,324.1752856125371,0,0,51.37115373258832,0,0,0,0,0,0,1,0.3998733011229084,1.1708164666292113,0.01653988769187796,-0.01653988769187796,0,0,0,0,4.575091548057606e-11,1,0
9.478,325.8884376420606,0,0,51.408536152887585,0,0,0,0,0,0,1,0.4006078227365518,1.153660140367683,0.016297786528230378,-0.016297786528230378,0,0,0,0,4.1281504887205395e-11,1,0
9.501,326.7454777843636,0,0,51.42702128706464,0,0,0,0,0,0,1,0.40097111118673184,1.1451747601384779,0.01617804233896679,-0.01617804233896679,0,0,0,0,3.922568594382252e-11,1,0
9.529,328.4604749649674,0,0,51.46358435860359,0,0,0,0,0,0,1,0.4016898351290334,1.128387422343292,0.01594113671311571,-0.01594113671311571,0,0,0,0,3.5393729076227395e-11,1,0
9.551,329.3184275088578,0,0,51.48166425732806,0,0,0,0,0,0,1,0.40204530697357255,1.120084615688699,0.015823963376704907,-0.015823963376704907,0,0,0,0,3.3631121368231236e-11,1,0
9.578,331.0352293894779,0,0,51.517425632899396,0,0,0,0,0,0,1,0.4027485604232261,1.1036586244003628,0.015592146188079043,-0.015592146188079043,0,0,0,0,3.035528131873631e-11,1,0
9.601,331.89407432867284,0,0,51.535109030337516,0,0,0,0,0,0,1,0.40309637768938866,1.095534606826422,0.015477490659863402,-0.015477490659863402,0,0,0,0,2.8834481724667558e-11,1,0
9.628,333.61264133015334,0,0,51.57008599578397,0,0,0,0,0,0,1,0.4037844816027531,1.0794624654214107,0.015250656822294284,-0.015250656822294284,0,0,0,0,2.602585845558674e-11,1,0
9.651,334.47235908976427,0,0,51.58738144439439,0,0,0,0,0,0,1,0.4041248032300224,1.0715135245559049,0.01513846705751831,-0.01513846705751831,0,0,0,0,2.472196294696179e-11,1,0
9.678,336.1926524867159,0,0,51.62159092564805,0,0,0,0,0,0,1,0.4047980724346158,1.0557878795629025,0.014916513470040598,-0.014916513470040598,0,0,0,0,2.231391965167377e-11,1,0
9.701,337.05322391426506,0,0,51.638506799674275,0,0,0,0,0,0,1,0.4051310543213913,1.0480103740646467,0.014806738409250342,-0.014806738409250342,0,0,0,0,2.1195992277124865e-11,1,0
9.728,338.77520581727185,0,0,51.67196536968724,0,0,0,0,0,0,1,0.40578979760916617,1.032624012985905,0.01458956392690686,-0.01458956392690686,0,0,0,0,1.9131396225451715e-11,1,0
9.751,339.6366121738823,0,0,51.68850986859588,0,0,0,0,0,0,1,0.4061155926593334,1.0250143714569986,0.014482153481358468,-0.014482153481358468,0,0,0,0,1.8172913274556543e-11,1,0
9.778,341.36024551205236,0,0,51.721233754162625,0,0,0,0,0,0,1,0.40676011287966296,1.0099602205964437,0.014269658886036336,-0.014269658886036336,0,0,0,0,1.6402780293590134e-11,1,0
9.801,342.22246846380784,0,0,51.73741490602763,0,0,0,0,0,0,1,0.40707887104900226,1.0025149404983045,0.014164563923126317,-0.014164563923126317,0,0,0,0,1.5581001000881234e-11,1,0
9.827,343.94771696766145,0,0,51.769419994499714,0,0,0,0,0,0,1,0.4077094652013112,0.9877860627979459,0.013956651894448405,-0.013956651894448405,0,0,0,0,1.4063333286770409e-11,1,0
9.851,344.81073857713426,0,0,51.78524565933286,0,0,0,0,0,0,1,0.4080213335437138,0.9805017093718289,0.01385382422317732,-0.01385382422317732,0,0,0,0,1.3358760289103181e-11,1,0
9.878,346.5375667618253,0,0,51.81654750522642,0,0,0,0,0,0,1,0.4086382928696951,0.9660913022578355,0.013650399309471579,-0.013650399309471579,0,0,0,0,1.2057549975967906e-11,1,0
9.9,347.40136947976896,0,0,51.83202537825438,0,0,0,0,0,0,1,0.4089434155831571,0.9589645074505454,0.013549791665952004,-0.013549791665952004,0,0,0,0,1.1453466722171887e-11,1,0
9.927,349.12974262863247,0,0,51.86263920975106,0,0,0,0,0,0,1,0.409547025658517,0.9448659006903521,0.013350760255319631,-0.013350760255319631,0,0,0,0,1.0337841567029425e-11,1,0
9.951,349.99430928583666,0,0,51.87777682463936,0,0,0,0,0,0,1,0.4098455441308843,0.9378933620857741,0.013252326288338553,-0.013252326288338553,0,0,0,0,9.819915704521228e-12,1,0
9.977,351.72419343426003,0,0,51.90771754998139,0,0,0,0,0,0,1,0.410436084956562,0.9241000156574459,0.013057596579840671,-0.013057596579840671,0,0,0,0,8.860608237545716e-12,1,0
10.001,352.5895072335652,0,0,51.922522282005616,0,0,0,0,0,0,1,0.4107281378110001,0.9172784954144979,0.012961290836485815,-0.012961290836485815,0,0,0,0,8.41934994731593e-12,1,0
10.028,354.3208691531741,0,0,51.951804495785744,0,0,0,0,0,0,1,0.411305883903814,0.903783997389487,0.01277077281146702,-0.01277077281146702,0,0,0,0,7.59686297741465e-12,1,0
10.052,355.18691366164325,0,0,51.966283564950345,0,0,0,0,0,0,1,0.4115916070439793,0.8971103211870559,0.012676550722825967,-0.012676550722825967,0,0,0,0,7.218539201139392e-12,1,0
10.078,356.9197208448006,0,0,51.994921554297385,0,0,0,0,0,0,1,0.41215682752665345,0.8839083856274514,0.012490156116391897,-0.012490156116391897,0,0,0,0,6.51541724588164e-12,1,0
10.1,357.7864799860453,0,0,52.0090820284025,0,0,0,0,0,0,1,0.41243635418154295,0.8773794416168181,0.012397973983332315,-0.012397973983332315,0,0,0,0,6.188994841862956e-12,1,0
10.131,359.520700630656,0,0,52.03708977906343,0,0,0,0,0,0,1,0.41298931287206997,0.8644639064880808,0.012215616255997267,-0.012215616255997267,0,0,0,0,5.586155675511412e-12,1,0
10.151,360.3881586773145,0,0,52.05093857672024,0,0,0,0,0,0,1,0.41326277364053066,0.8580766442533202,0.012125431235035964,-0.012125431235035964,0,0,0,0,5.306289276168278e-12,1,0
10.178,362.12376167193037,0,0,52.0783297790395,0,0,0,0,0,0,1,0.4138037291408326,0.8454414693534106,0.011947025544555514,-0.011947025544555514,0,0,0,0,4.789430063097332e-12,1,0
10.201,362.9919032382945,0,0,52.09187367263437,0,0,0,0,0,0,1,0.41407125203570916,0.8391928988802214,0.011858795633823532,-0.011858795633823532,0,0,0,0,4.55091644595508e-12,1,0
10.227,364.728858147517,0,0,52.11866172743161,0,0,0,0,0,0,1,0.4146004578195601,0.8268321637859891,0.011684258807225994,-0.011684258807225994,0,0,0,0,4.106337463858898e-12,1,0
10.251,365.5976681823065,0,0,52.131907346039654,0,0,0,0,0,0,1,0.41486216831146544,0.8207193544393435,0.011597942832536425,-0.011597942832536425,0,0,0,0,3.900609956919558e-12,1,0
10.278,367.3359452324784,0,0,52.15810537038646,0,0,0,0,0,0,1,0.4153798728116405,0.8086272564709688,0.011427193338366093,-0.011427193338366093,0,0,0,0,3.520670966053617e-12,1,0
10.301,368.2054090117587,0,0,52.17105920263493,0,0,0,0,0,0,1,0.415635893872331,0.8026473359819826,0.01134275093939082,-0.01134275093939082,0,0,0,0,3.344285350654323e-12,1,0
10.328,369.94497907694364,0,0,52.19668003553188,0,0,0,0,0,0,1,0.41614234056695193,0.7908181881861946,0.011175708860174908,-0.011175708860174908,0,0,0,0,3.0185351691881388e-12,1,0
10.351,370.815082197186,0,0,52.20934843241389,0,0,0,0,0,0,1,0.4163927927122945,0.7849683416485493,0.01109310047673603,-0.01109310047673603,0,0,0,0,2.8682121177625662e-12,1,0
10.378,372.5559167854271,0,0,52.23440464036876,0,0,0,0,0,0,1,0.4168882202103427,0.7733965708012815,0.010929687481686365,-0.010929687481686365,0,0,0,0,2.5888338590676668e-12,1,0
10.401,373.4266451567076,0,0,52.246793818007895,0,0,0,0,0,0,1,0.4171332215428583,0.7676740396775238,0.0108488743401676,-0.0108488743401676,0,0,0,0,2.458356632570648e-12,1,0
10.428,375.16871639656375,0,0,52.27129770051604,0,0,0,0,0,0,1,0.4176178636688301,0.7563541843066125,0.010689013658127206,-0.010689013658127206,0,0,0,0,2.2189003556079763e-12,1,0
10.451,376.0400562358993,0,0,52.28341374288226,0,0,0,0,0,0,1,0.41785752991980224,0.7507562654446197,0.010609957758010111,-0.010609957758010111,0,0,0,0,2.1077334477920117e-12,1,0
10.477,377.7833368632518,0,0,52.30737733781031,0,0,0,0,0,0,1,0.4183316157974809,0.7396829738731244,0.010453574150654066,-0.010453574150654066,0,0,0,0,1.9024296291551663e-12,1,0
10.501,378.6552746880704,0,0,52.319226199387835,0,0,0,0,0,0,1,0.41856606036861743,0.7342070185330076,0.010376238251183615,-0.010376238251183615,0,0,0,0,1.8071179047344883e-12,1,0
10.527,380.3997380331958,0,0,52.34266128826176,0,0,0,0,0,0,1,0.41902981450394283,0.7233750469436219,0.01022325798648273,-0.01022325798648273,0,0,0,0,1.6310955490814711e-12,1,0
10.552,381.2722606549388,0,0,52.35424879666938,0,0,0,0,0,0,1,0.4192591485085807,0.7180184598352933,0.010147605593466289,-0.010147605593466289,0,0,0,0,1.5493776620724858e-12,1,0
10.577,383.01788062984406,0,0,52.37716690986798,0,0,0,0,0,0,1,0.41971279087159447,0.7074226703563291,0.009997956419421417,-0.009997956419421417,0,0,0,0,1.3989020260631278e-12,1,0
10.601,383.89097514769844,0,0,52.388498768432385,0,0,0,0,0,0,1,0.4199371231754391,0.7021829086879589,0.009923951772164876,-0.009923951772164876,0,0,0,0,1.328817034557362e-12,1,0
10.628,385.6377262337127,0,0,52.41091119028742,0,0,0,0,0,0,1,0.42038086928129004,0.6918182675012978,0.009777562890818998,-0.009777562890818998,0,0,0,0,1.1990049117396252e-12,1,0
10.651,386.51138002847006,0,0,52.421992980570096,0,0,0,0,0,0,1,0.4206003065426794,0.6866928400388462,0.00970517094920343,-0.00970517094920343,0,0,0,0,1.1392944671349905e-12,1,0
10.676,388.25923726408854,0,0,52.4439107543741,0,0,0,0,0,0,1,0.4210343675316727,0.6765544155102163,0.009561972990937912,-0.009561972990937912,0,0,0,0,1.0279966994970172e-12,1,0
10.701,389.1334379921294,0,0,52.454747938652375,0,0,0,0,0,0,1,0.42124901424136063,0.6715408816482202,0.009491159422639813,-0.009491159422639813,0,0,0,0,9.764940648522144e-13,1,0
10.728,390.8823769611054,0,0,52.47618187157535,0,0,0,0,0,0,1,0.42167359695803697,0.6616238424801374,0.00935108442076064,-0.00935108442076064,0,0,0,0,8.813786409354052e-13,1,0
10.751,391.7571125485064,0,0,52.48677979527819,0,0,0,0,0,0,1,0.42188355547848777,0.6567198113238929,0.009281815588618509,-0.009281815588618509,0,0,0,0,8.372215710245395e-13,1,0
10.778,393.5071093681862,0,0,52.50774046319434,0,0,0,0,0,0,1,0.4222988625497204,0.647019424731531,0.009144796954237703,-0.009144796954237703,0,0,0,0,7.556719871544646e-13,1,0
10.801,394.38236800494747,0,0,52.51810435729342,0,0,0,0,0,0,1,0.42250423315391034,0.6422225541908083,0.009077039903767382,-0.009077039903767382,0,0,0,0,7.180395221941714e-13,1,0
10.831,396.133399314844,0,0,52.5386021095191,0,0,0,0,0,0,1,0.42291046306601005,0.632734184101051,0.008943012400984178,-0.008943012400984178,0,0,0,0,6.478942484514187e-13,1,0
10.851,397.00916944923483,0,0,52.54873709287578,0,0,0,0,0,0,1,0.42311134397572975,0.6280421799954558,0.008876734848045149,-0.008876734848045149,0,0,0,0,6.154347466040013e-13,1,0
10.878,398.761212399836,0,0,52.568782056819806,0,0,0,0,0,0,1,0.4235086911505483,0.6187612852693365,0.008745634569431041,-0.008745634569431041,0,0,0,0,5.554883128023448e-13,1,0
10.901,399.63748273285694,0,0,52.578693138488646,0,0,0,0,0,0,1,0.42370517857420276,0.6141719004454076,0.008680804888045554,-0.008680804888045554,0,0,0,0,5.276583483309462e-13,1,0
10.928,401.39051497466346,0,0,52.598295224216216,0,0,0,0,0,0,1,0.4240938334442276,0.6050940331241136,0.008552569230436688,-0.008552569230436688,0,0,0,0,4.762617763586044e-13,1,0
10.951,402.267274454622,0,0,52.60798730570547,0,0,0,0,0,0,1,0.42428602161413026,0.6006050665842435,0.008489156440763387,-0.008489156440763387,0,0,0,0,4.525439398959454e-13,1,0
10.977,404.0212741274114,0,0,52.62715621041682,0,0,0,0,0,0,1,0.4246661706965641,0.5917258701588252,0.008363724081363447,-0.008363724081363447,0,0,0,0,4.0833492693295035e-13,1,0
11.002,404.8985119446093,0,0,52.63663408790676,0,0,0,0,0,0,1,0.4248541519057221,0.5873351662020627,0.00830169783782689,-0.00830169783782689,0,0,0,0,3.878773470936086e-13,1,0
11.028,406.65345766692116,0,0,52.65537930033182,0,0,0,0,0,0,1,0.4252259778755431,0.5786503739069571,0.008179008710622968,-0.008179008710622968,0,0,0,0,3.500961463424095e-13,1,0
11.051,407.53116324845195,0,0,52.66464766685119,0,0,0,0,0,0,1,0.42540984251393166,0.574355821281739,0.00811833929020024,-0.00811833929020024,0,0,0,0,3.3266135825455715e-13,1,0
11.076,409.28703410729037,0,0,52.682978471561384,0,0,0,0,0,0,1,0.4257735242759301,0.565861254412204,0.007998334562693917,-0.007998334562693917,0,0,0,0,3.0025847200054556e-13,1,0
11.101,410.16519711194417,0,0,52.69204191912285,0,0,0,0,0,0,1,0.42595336086625435,0.561660785481059,0.007938992853359281,-0.007938992853359281,0,0,0,0,2.8512544501171707e-13,1,0
11.128,411.92197265269357,0,0,52.709967400761265,0,0,0,0,0,0,1,0.42630907362604337,0.5533523517345589,0.007821614903614616,-0.007821614903614616,0,0,0,0,2.5735279533784246e-13,1,0
11.151,412.8005829659676,0,0,52.71883042245632,0,0,0,0,0,0,1,0.42648496885898723,0.5492439416507982,0.007763572392942999,-0.007763572392942999,0,0,0,0,2.4453662613001763e-13,1,0
11.177,414.5582431825177,0,0,52.73635946988745,0,0,0,0,0,0,1,0.42683288419298654,0.5411176334923861,0.007648764786952773,-0.007648764786952773,0,0,0,0,2.2064784556874271e-13,1,0
11.201,415.43729091173003,0,0,52.745026461941364,0,0,0,0,0,0,1,0.4270049229619476,0.5370992993887965,0.007591993550882633,-0.007591993550882633,0,0,0,0,2.0959338850574823e-13,1,0
11.231,417.19581623680597,0,0,52.76216777232159,0,0,0,0,0,0,1,0.4273452088863393,0.5291511924405029,0.007479701020253834,-0.007479701020253834,0,0,0,0,1.891779403064785e-13,1,0
11.252,418.0752917063116,0,0,52.7706430361091,0,0,0,0,0,0,1,0.4275134743216499,0.525220992630036,0.0074241737120098504,-0.0074241737120098504,0,0,0,0,1.7975687887921565e-13,1,0
11.278,419.8346630020053,0,0,52.78740511887923,0,0,0,0,0,0,1,0.4278462953603079,0.5174472440842381,0.007314342131969035,-0.007314342131969035,0,0,0,0,1.6224765649684846e-13,1,0
11.301,420.71455674851114,0,0,52.795692862901454,0,0,0,0,0,0,1,0.428010868862943,0.5136032772726887,0.007260031971144807,-0.007260031971144807,0,0,0,0,1.54119048906356e-13,1,0
11.327,422.4747552970101,0,0,52.81208404370231,0,0,0,0,0,0,1,0.4283363861143361,0.5060001243294356,0.007152608338863604,-0.007152608338863604,0,0,0,0,1.390631605598847e-13,1,0
11.351,423.35505806498804,0,0,52.82018838552561,0,0,0,0,0,0,1,0.4284973473891096,0.5022405288400837,0.00709948910066446,-0.00709948910066446,0,0,0,0,1.321378151640023e-13,1,0
11.378,425.1160655594973,0,0,52.836216810038046,0,0,0,0,0,0,1,0.4288157185921819,0.49480428716832303,0.006994421513905239,-0.006994421513905239,0,0,0,0,1.192292733220092e-13,1,0
11.401,425.9967682966931,0,0,52.8441417781953,0,0,0,0,0,0,1,0.4289731456804308,0.49112724017850895,0.006942467518551063,-0.006942467518551063,0,0,0,0,1.1325588672857628e-13,1,0
11.427,427.758566832548,0,0,52.85981541590576,0,0,0,0,0,0,1,0.42928452527946215,0.48385430240113475,0.006839705154632464,-0.006839705154632464,0,0,0,0,1.0222419481666181e-13,1,0
11.45,428.6396606855842,0,0,52.86756495176075,0,0,0,0,0,0,1,0.42943849459122285,0.48025801919072336,0.006788891256920325,-0.006788891256920325,0,0,0,0,9.713342991479194e-14,1,0
11.477,430.402232751548,0,0,52.88289159965349,0,0,0,0,0,0,1,0.4297430337996725,0.4731448533933645,0.006688384352002045,-0.006688384352002045,0,0,0,0,8.767214623127323e-14,1,0
11.5,431.2837090616189,0,0,52.89046955922894,0,0,0,0,0,0,1,0.4298936201453493,0.46962758660505566,0.006638685931028276,-0.006638685931028276,0,0,0,0,8.327977170508625e-14,1,0
11.528,433.0470375313639,0,0,52.90545684540623,0,0,0,0,0,0,1,0.4301914670086883,0.4626707348684948,0.006540385759714327,-0.006540385759714327,0,0,0,0,7.514416414483473e-14,1,0
11.551,433.92888783002087,0,0,52.912867001176046,0,0,0,0,0,0,1,0.4303387436302175,0.45923077377992,0.0064917787087555795,-0.0064917787087555795,0,0,0,0,7.140198477042188e-14,1,0
11.578,435.69295595378804,0,0,52.92752238840742,0,0,0,0,0,0,1,0.4306300430877546,0.45242685073601757,0.00639563756401493,-0.00639563756401493,0,0,0,0,6.44470730158194e-14,1,0
11.601,436.5751719588134,0,0,52.93476843105381,0,0,0,0,0,0,1,0.4307740816892669,0.44906252054355233,0.006348098280567614,-0.006348098280567614,0,0,0,0,6.12182746577267e-14,1,0
11.628,438.3399633552476,0,0,52.9490992202555,0,0,0,0,0,0,1,0.43105897563497336,0.4424082119545508,0.00625406945397092,-0.00625406945397092,0,0,0,0,5.5237862018596184e-14,1,0
11.651,439.22253696661585,0,0,52.95618476039147,0,0,0,0,0,0,1,0.4311998464129571,0.43911787306878725,0.006207574829948333,-0.006207574829948333,0,0,0,0,5.2470445131464394e-14,1,0
11.68,440.98803561477274,0,0,52.970198094037286,0,0,0,0,0,0,1,0.4314784737552976,0.4326099344298353,0.00611561259221927,-0.00611561259221927,0,0,0,0,4.7374512876774473e-14,1,0
11.701,441.8709589106958,0,0,52.97712666389513,0,0,0,0,0,0,1,0.43161624542826704,0.4293919817826202,0.006070140004305608,-0.006070140004305608,0,0,0,0,4.500104978164797e-14,1,0
11.728,443.6371491422176,0,0,52.99082952935982,0,0,0,0,0,0,1,0.4318887421490423,0.4230272369473683,0.005980199586185101,-0.005980199586185101,0,0,0,0,4.0617721627645644e-14,1,0
11.751,444.5204143752747,0,0,52.99760458444611,0,0,0,0,0,0,1,0.4320234819867133,0.41988009931033904,0.005935726886345473,-0.005935726886345473,0,0,0,0,3.858277377410051e-14,1,0
11.777,446.2872808667311,0,0,53.01100381728246,0,0,0,0,0,0,1,0.4322899811989236,0.41365543913942737,0.005847764459766968,-0.005847764459766968,0,0,0,0,3.482461792297885e-14,1,0
11.801,447.17088046007973,0,0,53.01762873800024,0,0,0,0,0,0,1,0.4324217550509015,0.4105775784539432,0.005804269965912422,-0.005804269965912422,0,0,0,0,3.3079904565037534e-14,1,0
11.827,448.93840822547077,0,0,53.030731025150864,0,0,0,0,0,0,1,0.4326823870556368,0.40448995948619915,0.005718242625486121,-0.005718242625486121,0,0,0,0,2.985775579928203e-14,1,0
11.851,449.8223347691381,0,0,53.037209118389455,0,0,0,0,0,0,1,0.4328112593796201,0.401479870204588,0.005675705112292614,-0.005675705112292614,0,0,0,0,2.8361882233737934e-14,1,0
11.877,451.59050915255557,0,0,53.05002100133457,0,0,0,0,0,0,1,0.43306615172198637,0.39552631335074767,0.005591570857096508,-0.005591570857096508,0,0,0,0,2.5591210241942928e-14,1,0
11.902,452.47475539980815,0,0,53.056355502027614,0,0,0,0,0,0,1,0.4331921856114905,0.39258252178875824,0.0055499695469766975,-0.0055499695469766975,0,0,0,0,2.431676797189414e-14,1,0
11.927,454.2435620682529,0,0,53.068883379869774,0,0,0,0,0,0,1,0.43344146313558063,0.3867601110475102,0.005467687262652014,-0.005467687262652014,0,0,0,0,2.1948192701256357e-14,1,0
11.951,455.1281209320439,0,0,53.07507745252205,0,0,0,0,0,0,1,0.43356472034718563,0.38388117474787825,0.00542700181687865,-0.00542700181687865,0,0,0,0,2.0848588246923604e-14,1,0
11.977,456.8975458683952,0,0,53.08732758500905,0,0,0,0,0,0,1,0.4338085052501033,0.37818705594401697,0.005346531258027272,-0.005346531258027272,0,0,0,0,1.8811889869567436e-14,1,0
12,457.78241041788624,0,0,53.093384325192666,0,0,0,0,0,0,1,0.4339290462302311,0.37537156305103153,0.005306741768006929,-0.005306741768006929,0,0,0,0,1.787505775406306e-14,1,0
12.028,459.5524399140209,0,0,53.10536283567957,0,0,0,0,0,0,1,0.43416745811517704,0.3698029425955083,0.005228043540888168,-0.005228043540888168,0,0,0,0,1.6133937396027247e-14,1,0
12.052,460.4376033711787,0,0,53.111285271499966,0,0,0,0,0,0,1,0.434285342026402,0.367049511240468,0.005189130519583982,-0.005189130519583982,0,0,0,0,1.5325627132486423e-14,1,0